,param_initialization,optimizer,qaoa_variant,warm_start,errors,depth,rec_vars,graph_size,graph_name,time_elapsed,quantum_func_evals,obj_func_evolution,quantum_solution,quantum_obj_value,classic_solution,classic_value
0,gaussian,COBYLA,recursive,False,True,1,1,9,D~{,813.0042195320129,30,[],[0. 1. 0. 1. 1. 1. 0. 0. 1.],8.325796434273311,"[1.0, 0, 1.0, 0, 0, 0, 1.0, 1.0, 0]",8.325796434273311
1,gaussian,COBYLA,recursive,False,True,1,1,5,HCrfZzf,338.93669176101685,28,[],[1. 0. 0. 0. 1.],3.667585436702109,"[1.0, 0, 0, 0, 1.0]",3.667585436702109
2,gaussian,COBYLA,recursive,False,True,1,2,9,D~{,695.7720491886139,29,[],[1. 0. 1. 0. 0. 0. 1. 1. 0.],8.325796434273311,"[1.0, 0, 1.0, 0, 0, 0, 1.0, 1.0, 0]",8.325796434273311
3,gaussian,COBYLA,recursive,False,True,1,2,5,HCrfZzf,273.9625687599182,29,[],[1. 0. 0. 0. 1.],3.667585436702109,"[1.0, 0, 0, 0, 1.0]",3.667585436702109
4,gaussian,COBYLA,recursive,False,True,1,3,9,D~{,575.4644627571106,33,[],[1. 0. 1. 0. 0. 0. 1. 1. 0.],8.325796434273311,"[1.0, 0, 1.0, 0, 0, 0, 1.0, 1.0, 0]",8.325796434273311
5,gaussian,COBYLA,recursive,False,True,1,3,5,HCrfZzf,217.83693766593933,35,[],[1. 0. 0. 0. 1.],3.667585436702109,"[1.0, 0, 0, 0, 1.0]",3.667585436702109
6,gaussian,COBYLA,recursive,False,True,1,4,9,D~{,501.9578881263733,28,[],[1. 0. 1. 0. 0. 0. 1. 1. 0.],8.325796434273311,"[1.0, 0, 1.0, 0, 0, 0, 1.0, 1.0, 0]",8.325796434273311
7,gaussian,COBYLA,recursive,False,True,1,4,5,HCrfZzf,124.05931878089905,35,[],[1. 0. 0. 0. 1.],3.667585436702109,"[1.0, 0, 0, 0, 1.0]",3.667585436702109
8,gaussian,COBYLA,recursive,False,True,1,5,9,D~{,376.57513070106506,28,[],[1. 0. 1. 0. 0. 0. 1. 1. 0.],8.325796434273311,"[1.0, 0, 1.0, 0, 0, 0, 1.0, 1.0, 0]",8.325796434273311
9,gaussian,COBYLA,recursive,False,True,1,5,5,HCrfZzf,0.048578500747680664,0,[],[1. 0. 0. 0. 1.],3.667585436702109,"[1.0, 0, 0, 0, 1.0]",3.667585436702109
10,gaussian,COBYLA,recursive,False,True,1,6,9,D~{,277.78440260887146,26,[],[1. 0. 1. 0. 0. 0. 1. 1. 0.],8.325796434273311,"[1.0, 0, 1.0, 0, 0, 0, 1.0, 1.0, 0]",8.325796434273311
11,gaussian,COBYLA,recursive,False,True,1,6,5,HCrfZzf,0.049475908279418945,0,[],[1. 0. 0. 0. 1.],3.667585436702109,"[1.0, 0, 0, 0, 1.0]",3.667585436702109
12,gaussian,COBYLA,recursive,False,True,1,7,9,D~{,206.402245759964,29,[],[1. 0. 1. 0. 0. 0. 1. 1. 0.],8.325796434273311,"[1.0, 0, 1.0, 0, 0, 0, 1.0, 1.0, 0]",8.325796434273311
13,gaussian,COBYLA,recursive,False,True,1,7,5,HCrfZzf,0.05861353874206543,0,[],[1. 0. 0. 0. 1.],3.667585436702109,"[1.0, 0, 0, 0, 1.0]",3.667585436702109
14,gaussian,COBYLA,recursive,False,True,1,1,9,D~{,799.9224700927734,29,[],[0. 1. 0. 1. 1. 1. 0. 0. 1.],8.325796434273311,"[1.0, 0, 1.0, 0, 0, 0, 1.0, 1.0, 0]",8.325796434273311
15,gaussian,COBYLA,recursive,False,True,1,1,5,HCrfZzf,392.1289565563202,28,[],[1. 0. 0. 0. 1.],3.667585436702109,"[1.0, 0, 0, 0, 1.0]",3.667585436702109
16,gaussian,COBYLA,recursive,False,True,1,2,9,D~{,672.4041121006012,31,[],[1. 0. 1. 0. 0. 0. 1. 1. 0.],8.325796434273311,"[1.0, 0, 1.0, 0, 0, 0, 1.0, 1.0, 0]",8.325796434273311
17,gaussian,COBYLA,recursive,False,True,1,2,5,HCrfZzf,280.6536672115326,27,[],[1. 0. 0. 0. 1.],3.667585436702109,"[1.0, 0, 0, 0, 1.0]",3.667585436702109
18,gaussian,COBYLA,recursive,False,True,1,3,9,D~{,634.8593482971191,33,[],[1. 0. 1. 0. 0. 0. 1. 1. 0.],8.325796434273311,"[1.0, 0, 1.0, 0, 0, 0, 1.0, 1.0, 0]",8.325796434273311
19,gaussian,COBYLA,recursive,False,True,1,3,5,HCrfZzf,195.31498646736145,30,[],[0. 0. 1. 1. 1.],3.2969242815046744,"[1.0, 0, 0, 0, 1.0]",3.667585436702109
20,gaussian,COBYLA,recursive,False,True,1,4,9,D~{,457.8859508037567,29,[],[1. 0. 1. 0. 0. 0. 1. 1. 0.],8.325796434273311,"[1.0, 0, 1.0, 0, 0, 0, 1.0, 1.0, 0]",8.325796434273311
21,gaussian,COBYLA,recursive,False,True,1,4,5,HCrfZzf,89.24449586868286,29,[],[1. 0. 0. 0. 1.],3.667585436702109,"[1.0, 0, 0, 0, 1.0]",3.667585436702109
22,gaussian,COBYLA,recursive,False,True,1,5,9,D~{,403.55730867385864,33,[],[1. 0. 1. 0. 0. 0. 1. 1. 0.],8.325796434273311,"[1.0, 0, 1.0, 0, 0, 0, 1.0, 1.0, 0]",8.325796434273311
23,gaussian,COBYLA,recursive,False,True,1,5,5,HCrfZzf,0.045308828353881836,0,[],[1. 0. 0. 0. 1.],3.667585436702109,"[1.0, 0, 0, 0, 1.0]",3.667585436702109
24,gaussian,COBYLA,recursive,False,True,1,6,9,D~{,309.41278529167175,29,[],[1. 0. 1. 0. 0. 0. 1. 1. 0.],8.325796434273311,"[1.0, 0, 1.0, 0, 0, 0, 1.0, 1.0, 0]",8.325796434273311
25,gaussian,COBYLA,recursive,False,True,1,6,5,HCrfZzf,0.061261653900146484,0,[],[1. 0. 0. 0. 1.],3.667585436702109,"[1.0, 0, 0, 0, 1.0]",3.667585436702109
26,gaussian,COBYLA,recursive,False,True,1,7,9,D~{,227.96188116073608,37,[],[1. 0. 1. 0. 0. 0. 1. 1. 0.],8.325796434273311,"[1.0, 0, 1.0, 0, 0, 0, 1.0, 1.0, 0]",8.325796434273311
27,gaussian,COBYLA,recursive,False,True,1,7,5,HCrfZzf,0.06902742385864258,0,[],[1. 0. 0. 0. 1.],3.667585436702109,"[1.0, 0, 0, 0, 1.0]",3.667585436702109
28,gaussian,COBYLA,recursive,False,True,1,1,9,D~{,767.5110049247742,29,[],[0. 1. 0. 1. 1. 1. 0. 0. 1.],8.325796434273311,"[1.0, 0, 1.0, 0, 0, 0, 1.0, 1.0, 0]",8.325796434273311
29,gaussian,COBYLA,recursive,False,True,1,1,5,HCrfZzf,384.8052725791931,31,[],[0. 1. 1. 1. 0.],3.667585436702108,"[1.0, 0, 0, 0, 1.0]",3.667585436702109
30,gaussian,COBYLA,recursive,False,True,1,2,9,D~{,694.2679896354675,31,[],[1. 1. 1. 0. 0. 0. 0. 1. 0.],7.8016038533042025,"[1.0, 0, 1.0, 0, 0, 0, 1.0, 1.0, 0]",8.325796434273311
31,gaussian,COBYLA,recursive,False,True,1,2,5,HCrfZzf,290.34264636039734,31,[],[1. 0. 0. 0. 1.],3.667585436702109,"[1.0, 0, 0, 0, 1.0]",3.667585436702109
32,gaussian,COBYLA,recursive,False,True,1,3,9,D~{,609.5939671993256,32,[],[1. 1. 1. 0. 0. 0. 1. 1. 0.],8.033912627316202,"[1.0, 0, 1.0, 0, 0, 0, 1.0, 1.0, 0]",8.325796434273311
33,gaussian,COBYLA,recursive,False,True,1,3,5,HCrfZzf,207.86428594589233,35,[],[1. 0. 0. 0. 1.],3.667585436702109,"[1.0, 0, 0, 0, 1.0]",3.667585436702109
34,gaussian,COBYLA,recursive,False,True,1,4,9,D~{,475.52189660072327,29,[],[1. 0. 1. 0. 0. 0. 1. 1. 0.],8.325796434273311,"[1.0, 0, 1.0, 0, 0, 0, 1.0, 1.0, 0]",8.325796434273311
35,gaussian,COBYLA,recursive,False,True,1,4,5,HCrfZzf,114.06412386894226,36,[],[1. 0. 0. 0. 1.],3.667585436702109,"[1.0, 0, 0, 0, 1.0]",3.667585436702109
36,gaussian,COBYLA,recursive,False,True,1,5,9,D~{,387.8492429256439,34,[],[1. 0. 1. 0. 0. 0. 1. 1. 0.],8.325796434273311,"[1.0, 0, 1.0, 0, 0, 0, 1.0, 1.0, 0]",8.325796434273311
37,gaussian,COBYLA,recursive,False,True,1,5,5,HCrfZzf,0.05080771446228027,0,[],[1. 0. 0. 0. 1.],3.667585436702109,"[1.0, 0, 0, 0, 1.0]",3.667585436702109
38,gaussian,COBYLA,recursive,False,True,1,6,9,D~{,317.44757103919983,33,[],[1. 0. 1. 0. 0. 0. 1. 1. 0.],8.325796434273311,"[1.0, 0, 1.0, 0, 0, 0, 1.0, 1.0, 0]",8.325796434273311
39,gaussian,COBYLA,recursive,False,True,1,6,5,HCrfZzf,0.04238271713256836,0,[],[1. 0. 0. 0. 1.],3.667585436702109,"[1.0, 0, 0, 0, 1.0]",3.667585436702109
40,gaussian,COBYLA,recursive,False,True,1,7,9,D~{,217.3628544807434,35,[],[1. 0. 1. 0. 0. 0. 1. 1. 0.],8.325796434273311,"[1.0, 0, 1.0, 0, 0, 0, 1.0, 1.0, 0]",8.325796434273311
41,gaussian,COBYLA,recursive,False,True,1,7,5,HCrfZzf,0.05053877830505371,0,[],[1. 0. 0. 0. 1.],3.667585436702109,"[1.0, 0, 0, 0, 1.0]",3.667585436702109
42,gaussian,COBYLA,recursive,False,True,1,1,9,D~{,716.5681624412537,26,[],[1. 0. 1. 0. 0. 0. 1. 1. 0.],8.325796434273311,"[1.0, 0, 1.0, 0, 0, 0, 1.0, 1.0, 0]",8.325796434273311
43,gaussian,COBYLA,recursive,False,True,1,1,5,HCrfZzf,395.62525820732117,32,[],[0. 1. 1. 1. 0.],3.667585436702108,"[1.0, 0, 0, 0, 1.0]",3.667585436702109
44,gaussian,COBYLA,recursive,False,True,1,2,9,D~{,716.0177838802338,28,[],[1. 0. 1. 0. 0. 0. 0. 1. 0.],7.122457368915977,"[1.0, 0, 1.0, 0, 0, 0, 1.0, 1.0, 0]",8.325796434273311
45,gaussian,COBYLA,recursive,False,True,1,2,5,HCrfZzf,288.46478056907654,27,[],[1. 0. 0. 0. 1.],3.667585436702109,"[1.0, 0, 0, 0, 1.0]",3.667585436702109
46,gaussian,COBYLA,recursive,False,True,1,3,9,D~{,567.6198105812073,29,[],[1. 0. 1. 0. 0. 0. 1. 1. 0.],8.325796434273311,"[1.0, 0, 1.0, 0, 0, 0, 1.0, 1.0, 0]",8.325796434273311
47,gaussian,COBYLA,recursive,False,True,1,3,5,HCrfZzf,203.7688376903534,29,[],[1. 0. 0. 0. 1.],3.667585436702109,"[1.0, 0, 0, 0, 1.0]",3.667585436702109
48,gaussian,COBYLA,recursive,False,True,1,4,9,D~{,507.18285608291626,30,[],[1. 0. 1. 0. 0. 0. 1. 1. 0.],8.325796434273311,"[1.0, 0, 1.0, 0, 0, 0, 1.0, 1.0, 0]",8.325796434273311
49,gaussian,COBYLA,recursive,False,True,1,4,5,HCrfZzf,121.41994619369507,35,[],[1. 0. 0. 0. 1.],3.667585436702109,"[1.0, 0, 0, 0, 1.0]",3.667585436702109
50,gaussian,COBYLA,recursive,False,True,1,5,9,D~{,394.39313220977783,27,[],[1. 0. 1. 0. 0. 0. 1. 1. 0.],8.325796434273311,"[1.0, 0, 1.0, 0, 0, 0, 1.0, 1.0, 0]",8.325796434273311
51,gaussian,COBYLA,recursive,False,True,1,5,5,HCrfZzf,0.0509340763092041,0,[],[1. 0. 0. 0. 1.],3.667585436702109,"[1.0, 0, 0, 0, 1.0]",3.667585436702109
52,gaussian,COBYLA,recursive,False,True,1,6,9,D~{,308.0315091609955,32,[],[1. 0. 1. 0. 0. 0. 1. 1. 0.],8.325796434273311,"[1.0, 0, 1.0, 0, 0, 0, 1.0, 1.0, 0]",8.325796434273311
53,gaussian,COBYLA,recursive,False,True,1,6,5,HCrfZzf,0.06293082237243652,0,[],[1. 0. 0. 0. 1.],3.667585436702109,"[1.0, 0, 0, 0, 1.0]",3.667585436702109
54,gaussian,COBYLA,recursive,False,True,1,7,9,D~{,206.29210257530212,33,[],[1. 0. 1. 0. 0. 0. 1. 1. 0.],8.325796434273311,"[1.0, 0, 1.0, 0, 0, 0, 1.0, 1.0, 0]",8.325796434273311
55,gaussian,COBYLA,recursive,False,True,1,7,5,HCrfZzf,0.05535888671875,0,[],[1. 0. 0. 0. 1.],3.667585436702109,"[1.0, 0, 0, 0, 1.0]",3.667585436702109
56,gaussian,COBYLA,recursive,False,True,1,1,9,D~{,834.9485886096954,32,[],[1. 0. 1. 0. 0. 0. 1. 1. 0.],8.325796434273311,"[1.0, 0, 1.0, 0, 0, 0, 1.0, 1.0, 0]",8.325796434273311
57,gaussian,COBYLA,recursive,False,True,1,1,5,HCrfZzf,362.1097586154938,28,[],[1. 0. 0. 0. 1.],3.667585436702109,"[1.0, 0, 0, 0, 1.0]",3.667585436702109
58,gaussian,COBYLA,recursive,False,True,1,2,9,D~{,677.5649876594543,32,[],[1. 0. 1. 0. 0. 0. 1. 1. 0.],8.325796434273311,"[1.0, 0, 1.0, 0, 0, 0, 1.0, 1.0, 0]",8.325796434273311
59,gaussian,COBYLA,recursive,False,True,1,2,5,HCrfZzf,259.8722186088562,27,[],[1. 0. 0. 0. 1.],3.667585436702109,"[1.0, 0, 0, 0, 1.0]",3.667585436702109
60,gaussian,COBYLA,recursive,False,True,1,3,9,D~{,582.5081689357758,30,[],[1. 0. 1. 0. 0. 0. 1. 1. 0.],8.325796434273311,"[1.0, 0, 1.0, 0, 0, 0, 1.0, 1.0, 0]",8.325796434273311
61,gaussian,COBYLA,recursive,False,True,1,3,5,HCrfZzf,193.99726748466492,33,[],[0. 1. 1. 1. 0.],3.667585436702108,"[1.0, 0, 0, 0, 1.0]",3.667585436702109
62,gaussian,COBYLA,recursive,False,True,1,4,9,D~{,474.54085636138916,31,[],[0. 1. 0. 1. 1. 1. 0. 0. 1.],8.325796434273311,"[1.0, 0, 1.0, 0, 0, 0, 1.0, 1.0, 0]",8.325796434273311
63,gaussian,COBYLA,recursive,False,True,1,4,5,HCrfZzf,89.71248388290405,29,[],[1. 0. 0. 0. 1.],3.667585436702109,"[1.0, 0, 0, 0, 1.0]",3.667585436702109
64,gaussian,COBYLA,recursive,False,True,1,5,9,D~{,409.4109618663788,36,[],[1. 0. 1. 0. 0. 0. 1. 1. 0.],8.325796434273311,"[1.0, 0, 1.0, 0, 0, 0, 1.0, 1.0, 0]",8.325796434273311
65,gaussian,COBYLA,recursive,False,True,1,5,5,HCrfZzf,0.04647707939147949,0,[],[1. 0. 0. 0. 1.],3.667585436702109,"[1.0, 0, 0, 0, 1.0]",3.667585436702109
66,gaussian,COBYLA,recursive,False,True,1,6,9,D~{,289.5668976306915,30,[],[1. 0. 1. 0. 0. 0. 1. 1. 0.],8.325796434273311,"[1.0, 0, 1.0, 0, 0, 0, 1.0, 1.0, 0]",8.325796434273311
67,gaussian,COBYLA,recursive,False,True,1,6,5,HCrfZzf,0.04877734184265137,0,[],[1. 0. 0. 0. 1.],3.667585436702109,"[1.0, 0, 0, 0, 1.0]",3.667585436702109
68,gaussian,COBYLA,recursive,False,True,1,7,9,D~{,202.67568111419678,30,[],[1. 0. 1. 0. 0. 0. 1. 1. 0.],8.325796434273311,"[1.0, 0, 1.0, 0, 0, 0, 1.0, 1.0, 0]",8.325796434273311
69,gaussian,COBYLA,recursive,False,True,1,7,5,HCrfZzf,0.10115575790405273,0,[],[1. 0. 0. 0. 1.],3.667585436702109,"[1.0, 0, 0, 0, 1.0]",3.667585436702109
70,gaussian,COBYLA,recursive,False,True,1,1,9,D~{,826.8612239360809,30,[],[0. 0. 0. 1. 1. 1. 0. 0. 1.],8.033912627316202,"[1.0, 0, 1.0, 0, 0, 0, 1.0, 1.0, 0]",8.325796434273311
71,gaussian,COBYLA,recursive,False,True,1,1,5,HCrfZzf,406.8866217136383,28,[],[1. 0. 0. 0. 1.],3.667585436702109,"[1.0, 0, 0, 0, 1.0]",3.667585436702109
72,gaussian,COBYLA,recursive,False,True,1,2,9,D~{,718.6235647201538,29,[],[1. 0. 1. 0. 0. 0. 1. 1. 0.],8.325796434273311,"[1.0, 0, 1.0, 0, 0, 0, 1.0, 1.0, 0]",8.325796434273311
73,gaussian,COBYLA,recursive,False,True,1,2,5,HCrfZzf,287.1312458515167,26,[],[0. 1. 1. 1. 0.],3.667585436702108,"[1.0, 0, 0, 0, 1.0]",3.667585436702109
74,gaussian,COBYLA,recursive,False,True,1,3,9,D~{,617.6177079677582,31,[],[1. 0. 1. 0. 0. 0. 1. 1. 0.],8.325796434273311,"[1.0, 0, 1.0, 0, 0, 0, 1.0, 1.0, 0]",8.325796434273311
75,gaussian,COBYLA,recursive,False,True,1,3,5,HCrfZzf,179.4654519557953,28,[],[1. 0. 0. 0. 1.],3.667585436702109,"[1.0, 0, 0, 0, 1.0]",3.667585436702109
76,gaussian,COBYLA,recursive,False,True,1,4,9,D~{,570.8160843849182,33,[],[1. 0. 1. 0. 0. 0. 1. 1. 0.],8.325796434273311,"[1.0, 0, 1.0, 0, 0, 0, 1.0, 1.0, 0]",8.325796434273311
77,gaussian,COBYLA,recursive,False,True,1,4,5,HCrfZzf,104.34214806556702,33,[],[1. 0. 0. 0. 1.],3.667585436702109,"[1.0, 0, 0, 0, 1.0]",3.667585436702109
78,gaussian,COBYLA,recursive,False,True,1,5,9,D~{,467.05314779281616,30,[],[1. 0. 1. 0. 0. 0. 1. 1. 0.],8.325796434273311,"[1.0, 0, 1.0, 0, 0, 0, 1.0, 1.0, 0]",8.325796434273311
79,gaussian,COBYLA,recursive,False,True,1,5,5,HCrfZzf,0.04692530632019043,0,[],[1. 0. 0. 0. 1.],3.667585436702109,"[1.0, 0, 0, 0, 1.0]",3.667585436702109
80,gaussian,COBYLA,recursive,False,True,1,6,9,D~{,339.5957098007202,30,[],[1. 0. 1. 0. 0. 0. 1. 1. 0.],8.325796434273311,"[1.0, 0, 1.0, 0, 0, 0, 1.0, 1.0, 0]",8.325796434273311
81,gaussian,COBYLA,recursive,False,True,1,6,5,HCrfZzf,1.0068981647491455,0,[],[1. 0. 0. 0. 1.],3.667585436702109,"[1.0, 0, 0, 0, 1.0]",3.667585436702109
82,gaussian,COBYLA,recursive,False,True,1,7,9,D~{,213.47586703300476,29,[],[1. 0. 1. 0. 0. 0. 1. 1. 0.],8.325796434273311,"[1.0, 0, 1.0, 0, 0, 0, 1.0, 1.0, 0]",8.325796434273311
83,gaussian,COBYLA,recursive,False,True,1,7,5,HCrfZzf,0.043396949768066406,0,[],[1. 0. 0. 0. 1.],3.667585436702109,"[1.0, 0, 0, 0, 1.0]",3.667585436702109
84,gaussian,COBYLA,recursive,False,True,1,1,9,D~{,786.9971721172333,32,[],[1. 0. 1. 0. 0. 0. 1. 1. 0.],8.325796434273311,"[1.0, 0, 1.0, 0, 0, 0, 1.0, 1.0, 0]",8.325796434273311
85,gaussian,COBYLA,recursive,False,True,1,1,5,HCrfZzf,394.47076177597046,28,[],[1. 0. 0. 0. 1.],3.667585436702109,"[1.0, 0, 0, 0, 1.0]",3.667585436702109
86,gaussian,COBYLA,recursive,False,True,1,2,9,D~{,707.3597435951233,27,[],[1. 0. 1. 0. 0. 0. 1. 1. 0.],8.325796434273311,"[1.0, 0, 1.0, 0, 0, 0, 1.0, 1.0, 0]",8.325796434273311
87,gaussian,COBYLA,recursive,False,True,1,2,5,HCrfZzf,306.0931975841522,31,[],[1. 0. 0. 0. 1.],3.667585436702109,"[1.0, 0, 0, 0, 1.0]",3.667585436702109
88,gaussian,COBYLA,recursive,False,True,1,3,9,D~{,622.7844321727753,31,[],[1. 0. 1. 0. 0. 0. 1. 1. 0.],8.325796434273311,"[1.0, 0, 1.0, 0, 0, 0, 1.0, 1.0, 0]",8.325796434273311
89,gaussian,COBYLA,recursive,False,True,1,3,5,HCrfZzf,211.330575466156,31,[],[1. 0. 0. 0. 1.],3.667585436702109,"[1.0, 0, 0, 0, 1.0]",3.667585436702109
90,gaussian,COBYLA,recursive,False,True,1,4,9,D~{,519.4842286109924,32,[],[1. 0. 1. 0. 0. 0. 1. 1. 0.],8.325796434273311,"[1.0, 0, 1.0, 0, 0, 0, 1.0, 1.0, 0]",8.325796434273311
91,gaussian,COBYLA,recursive,False,True,1,4,5,HCrfZzf,96.75003790855408,29,[],[1. 0. 0. 0. 1.],3.667585436702109,"[1.0, 0, 0, 0, 1.0]",3.667585436702109
92,gaussian,COBYLA,recursive,False,True,1,5,9,D~{,376.7191276550293,31,[],[1. 0. 1. 0. 0. 0. 1. 1. 0.],8.325796434273311,"[1.0, 0, 1.0, 0, 0, 0, 1.0, 1.0, 0]",8.325796434273311
93,gaussian,COBYLA,recursive,False,True,1,5,5,HCrfZzf,0.07182431221008301,0,[],[1. 0. 0. 0. 1.],3.667585436702109,"[1.0, 0, 0, 0, 1.0]",3.667585436702109
94,gaussian,COBYLA,recursive,False,True,1,6,9,D~{,337.58875584602356,32,[],[1. 0. 1. 0. 0. 0. 1. 1. 0.],8.325796434273311,"[1.0, 0, 1.0, 0, 0, 0, 1.0, 1.0, 0]",8.325796434273311
95,gaussian,COBYLA,recursive,False,True,1,6,5,HCrfZzf,0.03989553451538086,0,[],[1. 0. 0. 0. 1.],3.667585436702109,"[1.0, 0, 0, 0, 1.0]",3.667585436702109
96,gaussian,COBYLA,recursive,False,True,1,7,9,D~{,190.60523772239685,27,[],[1. 0. 1. 0. 0. 0. 1. 1. 0.],8.325796434273311,"[1.0, 0, 1.0, 0, 0, 0, 1.0, 1.0, 0]",8.325796434273311
97,gaussian,COBYLA,recursive,False,True,1,7,5,HCrfZzf,0.03867077827453613,0,[],[1. 0. 0. 0. 1.],3.667585436702109,"[1.0, 0, 0, 0, 1.0]",3.667585436702109
98,gaussian,COBYLA,recursive,False,True,1,1,9,D~{,823.4619085788727,28,[],[1. 0. 1. 0. 0. 0. 1. 1. 0.],8.325796434273311,"[1.0, 0, 1.0, 0, 0, 0, 1.0, 1.0, 0]",8.325796434273311
99,gaussian,COBYLA,recursive,False,True,1,1,5,HCrfZzf,379.1992745399475,28,[],[1. 0. 0. 0. 1.],3.667585436702109,"[1.0, 0, 0, 0, 1.0]",3.667585436702109
100,gaussian,COBYLA,recursive,False,True,1,2,9,D~{,691.3985805511475,27,[],[1. 0. 1. 0. 0. 0. 1. 1. 0.],8.325796434273311,"[1.0, 0, 1.0, 0, 0, 0, 1.0, 1.0, 0]",8.325796434273311
101,gaussian,COBYLA,recursive,False,True,1,2,5,HCrfZzf,304.71636962890625,27,[],[1. 0. 0. 0. 1.],3.667585436702109,"[1.0, 0, 0, 0, 1.0]",3.667585436702109
102,gaussian,COBYLA,recursive,False,True,1,3,9,D~{,603.5342514514923,29,[],[1. 0. 1. 0. 0. 0. 1. 1. 0.],8.325796434273311,"[1.0, 0, 1.0, 0, 0, 0, 1.0, 1.0, 0]",8.325796434273311
103,gaussian,COBYLA,recursive,False,True,1,3,5,HCrfZzf,190.4250509738922,31,[],[1. 0. 0. 0. 1.],3.667585436702109,"[1.0, 0, 0, 0, 1.0]",3.667585436702109
104,gaussian,COBYLA,recursive,False,True,1,4,9,D~{,494.29165267944336,26,[],[1. 0. 1. 0. 0. 0. 1. 1. 0.],8.325796434273311,"[1.0, 0, 1.0, 0, 0, 0, 1.0, 1.0, 0]",8.325796434273311
105,gaussian,COBYLA,recursive,False,True,1,4,5,HCrfZzf,99.74567031860352,31,[],[1. 0. 0. 0. 1.],3.667585436702109,"[1.0, 0, 0, 0, 1.0]",3.667585436702109
106,gaussian,COBYLA,recursive,False,True,1,5,9,D~{,382.10849499702454,30,[],[1. 0. 1. 0. 0. 0. 1. 1. 0.],8.325796434273311,"[1.0, 0, 1.0, 0, 0, 0, 1.0, 1.0, 0]",8.325796434273311
107,gaussian,COBYLA,recursive,False,True,1,5,5,HCrfZzf,0.07144951820373535,0,[],[1. 0. 0. 0. 1.],3.667585436702109,"[1.0, 0, 0, 0, 1.0]",3.667585436702109
108,gaussian,COBYLA,recursive,False,True,1,6,9,D~{,298.8674039840698,31,[],[1. 0. 1. 0. 0. 0. 1. 1. 0.],8.325796434273311,"[1.0, 0, 1.0, 0, 0, 0, 1.0, 1.0, 0]",8.325796434273311
109,gaussian,COBYLA,recursive,False,True,1,6,5,HCrfZzf,0.04288625717163086,0,[],[1. 0. 0. 0. 1.],3.667585436702109,"[1.0, 0, 0, 0, 1.0]",3.667585436702109
110,gaussian,COBYLA,recursive,False,True,1,7,9,D~{,181.87244129180908,27,[],[1. 0. 1. 0. 0. 0. 1. 1. 0.],8.325796434273311,"[1.0, 0, 1.0, 0, 0, 0, 1.0, 1.0, 0]",8.325796434273311
111,gaussian,COBYLA,recursive,False,True,1,7,5,HCrfZzf,0.05063581466674805,0,[],[1. 0. 0. 0. 1.],3.667585436702109,"[1.0, 0, 0, 0, 1.0]",3.667585436702109
112,gaussian,COBYLA,recursive,False,True,1,1,9,D~{,796.3492801189423,30,[],[1. 0. 1. 0. 0. 0. 1. 1. 0.],8.325796434273311,"[1.0, 0, 1.0, 0, 0, 0, 1.0, 1.0, 0]",8.325796434273311
113,gaussian,COBYLA,recursive,False,True,1,1,5,HCrfZzf,338.8261535167694,27,[],[1. 0. 0. 0. 1.],3.667585436702109,"[1.0, 0, 0, 0, 1.0]",3.667585436702109
114,gaussian,COBYLA,recursive,False,True,1,2,9,D~{,697.9406187534332,31,[],[0. 1. 0. 1. 1. 1. 0. 0. 1.],8.325796434273311,"[1.0, 0, 1.0, 0, 0, 0, 1.0, 1.0, 0]",8.325796434273311
115,gaussian,COBYLA,recursive,False,True,1,2,5,HCrfZzf,259.9232213497162,28,[],[0. 0. 1. 1. 1.],3.2969242815046744,"[1.0, 0, 0, 0, 1.0]",3.667585436702109
116,gaussian,COBYLA,recursive,False,True,1,3,9,D~{,565.7562940120697,28,[],[0. 1. 0. 1. 1. 1. 0. 0. 1.],8.325796434273311,"[1.0, 0, 1.0, 0, 0, 0, 1.0, 1.0, 0]",8.325796434273311
117,gaussian,COBYLA,recursive,False,True,1,3,5,HCrfZzf,190.30735683441162,29,[],[0. 1. 0. 1. 0.],2.8067984579116185,"[1.0, 0, 0, 0, 1.0]",3.667585436702109
118,gaussian,COBYLA,recursive,False,True,1,4,9,D~{,521.6223969459534,37,[],[1. 0. 1. 0. 0. 0. 1. 1. 0.],8.325796434273311,"[1.0, 0, 1.0, 0, 0, 0, 1.0, 1.0, 0]",8.325796434273311
119,gaussian,COBYLA,recursive,False,True,1,4,5,HCrfZzf,96.1011381149292,31,[],[1. 0. 0. 0. 1.],3.667585436702109,"[1.0, 0, 0, 0, 1.0]",3.667585436702109
120,gaussian,COBYLA,recursive,False,True,1,5,9,D~{,380.22516798973083,28,[],[1. 0. 1. 0. 0. 0. 1. 1. 0.],8.325796434273311,"[1.0, 0, 1.0, 0, 0, 0, 1.0, 1.0, 0]",8.325796434273311
121,gaussian,COBYLA,recursive,False,True,1,5,5,HCrfZzf,0.04052853584289551,0,[],[1. 0. 0. 0. 1.],3.667585436702109,"[1.0, 0, 0, 0, 1.0]",3.667585436702109
122,gaussian,COBYLA,recursive,False,True,1,6,9,D~{,296.6202971935272,34,[],[1. 0. 1. 0. 0. 0. 1. 1. 0.],8.325796434273311,"[1.0, 0, 1.0, 0, 0, 0, 1.0, 1.0, 0]",8.325796434273311
123,gaussian,COBYLA,recursive,False,True,1,6,5,HCrfZzf,0.05109572410583496,0,[],[1. 0. 0. 0. 1.],3.667585436702109,"[1.0, 0, 0, 0, 1.0]",3.667585436702109
124,gaussian,COBYLA,recursive,False,True,1,7,9,D~{,199.00602173805237,29,[],[1. 0. 1. 0. 0. 0. 1. 1. 0.],8.325796434273311,"[1.0, 0, 1.0, 0, 0, 0, 1.0, 1.0, 0]",8.325796434273311
125,gaussian,COBYLA,recursive,False,True,1,7,5,HCrfZzf,0.03893685340881348,0,[],[1. 0. 0. 0. 1.],3.667585436702109,"[1.0, 0, 0, 0, 1.0]",3.667585436702109
126,gaussian,COBYLA,recursive,False,True,1,1,9,D~{,773.9935081005096,29,[],[1. 0. 1. 0. 0. 0. 1. 1. 0.],8.325796434273311,"[1.0, 0, 1.0, 0, 0, 0, 1.0, 1.0, 0]",8.325796434273311
127,gaussian,COBYLA,recursive,False,True,1,1,5,HCrfZzf,367.9677815437317,27,[],[1. 0. 0. 0. 1.],3.667585436702109,"[1.0, 0, 0, 0, 1.0]",3.667585436702109
128,gaussian,COBYLA,recursive,False,True,1,2,9,D~{,820.7457203865051,31,[],[1. 0. 1. 0. 0. 0. 1. 1. 0.],8.325796434273311,"[1.0, 0, 1.0, 0, 0, 0, 1.0, 1.0, 0]",8.325796434273311
129,gaussian,COBYLA,recursive,False,True,1,2,5,HCrfZzf,255.76468682289124,26,[],[1. 0. 0. 0. 1.],3.667585436702109,"[1.0, 0, 0, 0, 1.0]",3.667585436702109
130,gaussian,COBYLA,recursive,False,True,1,3,9,D~{,571.140148639679,27,[],[1. 0. 1. 0. 0. 0. 1. 1. 0.],8.325796434273311,"[1.0, 0, 1.0, 0, 0, 0, 1.0, 1.0, 0]",8.325796434273311
131,gaussian,COBYLA,recursive,False,True,1,3,5,HCrfZzf,191.04708552360535,30,[],[1. 0. 0. 0. 1.],3.667585436702109,"[1.0, 0, 0, 0, 1.0]",3.667585436702109
132,gaussian,COBYLA,recursive,False,True,1,4,9,D~{,501.82952094078064,30,[],[1. 0. 1. 0. 0. 0. 1. 1. 0.],8.325796434273311,"[1.0, 0, 1.0, 0, 0, 0, 1.0, 1.0, 0]",8.325796434273311
133,gaussian,COBYLA,recursive,False,True,1,4,5,HCrfZzf,100.00554466247559,32,[],[1. 0. 0. 0. 1.],3.667585436702109,"[1.0, 0, 0, 0, 1.0]",3.667585436702109
134,gaussian,COBYLA,recursive,False,True,1,5,9,D~{,461.3142671585083,30,[],[1. 0. 1. 0. 0. 0. 1. 1. 0.],8.325796434273311,"[1.0, 0, 1.0, 0, 0, 0, 1.0, 1.0, 0]",8.325796434273311
135,gaussian,COBYLA,recursive,False,True,1,5,5,HCrfZzf,0.0527801513671875,0,[],[1. 0. 0. 0. 1.],3.667585436702109,"[1.0, 0, 0, 0, 1.0]",3.667585436702109
136,gaussian,COBYLA,recursive,False,True,1,6,9,D~{,285.9689383506775,29,[],[1. 0. 1. 0. 0. 0. 1. 1. 0.],8.325796434273311,"[1.0, 0, 1.0, 0, 0, 0, 1.0, 1.0, 0]",8.325796434273311
137,gaussian,COBYLA,recursive,False,True,1,6,5,HCrfZzf,0.0514066219329834,0,[],[1. 0. 0. 0. 1.],3.667585436702109,"[1.0, 0, 0, 0, 1.0]",3.667585436702109
138,gaussian,COBYLA,recursive,False,True,1,7,9,D~{,206.1656050682068,32,[],[1. 0. 1. 0. 0. 0. 1. 1. 0.],8.325796434273311,"[1.0, 0, 1.0, 0, 0, 0, 1.0, 1.0, 0]",8.325796434273311
139,gaussian,COBYLA,recursive,False,True,1,7,5,HCrfZzf,0.052709102630615234,0,[],[1. 0. 0. 0. 1.],3.667585436702109,"[1.0, 0, 0, 0, 1.0]",3.667585436702109
140,gaussian,COBYLA,recursive,False,True,1,1,9,D~{,837.0517489910126,31,[],[0. 1. 1. 1. 1. 1. 0. 0. 1.],8.21513211134599,"[1.0, 0, 1.0, 0, 0, 0, 1.0, 1.0, 0]",8.325796434273311
141,gaussian,COBYLA,recursive,False,True,1,1,5,HCrfZzf,410.197927236557,31,[],[1. 0. 0. 0. 1.],3.667585436702109,"[1.0, 0, 0, 0, 1.0]",3.667585436702109
142,gaussian,COBYLA,recursive,False,True,1,2,9,D~{,678.5953159332275,29,[],[1. 0. 1. 0. 0. 0. 1. 1. 0.],8.325796434273311,"[1.0, 0, 1.0, 0, 0, 0, 1.0, 1.0, 0]",8.325796434273311
143,gaussian,COBYLA,recursive,False,True,1,2,5,HCrfZzf,329.40994119644165,37,[],[1. 0. 0. 0. 1.],3.667585436702109,"[1.0, 0, 0, 0, 1.0]",3.667585436702109
144,gaussian,COBYLA,recursive,False,True,1,3,9,D~{,574.1630284786224,28,[],[1. 0. 1. 0. 0. 0. 1. 1. 0.],8.325796434273311,"[1.0, 0, 1.0, 0, 0, 0, 1.0, 1.0, 0]",8.325796434273311
145,gaussian,COBYLA,recursive,False,True,1,3,5,HCrfZzf,197.72653722763062,27,[],[0. 1. 1. 1. 0.],3.667585436702108,"[1.0, 0, 0, 0, 1.0]",3.667585436702109
146,gaussian,COBYLA,recursive,False,True,1,4,9,D~{,462.57287549972534,34,[],[1. 0. 1. 0. 0. 0. 1. 1. 0.],8.325796434273311,"[1.0, 0, 1.0, 0, 0, 0, 1.0, 1.0, 0]",8.325796434273311
147,gaussian,COBYLA,recursive,False,True,1,4,5,HCrfZzf,95.4641330242157,29,[],[1. 0. 0. 0. 1.],3.667585436702109,"[1.0, 0, 0, 0, 1.0]",3.667585436702109
148,gaussian,COBYLA,recursive,False,True,1,5,9,D~{,419.65138578414917,29,[],[1. 0. 1. 0. 0. 0. 1. 1. 0.],8.325796434273311,"[1.0, 0, 1.0, 0, 0, 0, 1.0, 1.0, 0]",8.325796434273311
149,gaussian,COBYLA,recursive,False,True,1,5,5,HCrfZzf,0.03259873390197754,0,[],[1. 0. 0. 0. 1.],3.667585436702109,"[1.0, 0, 0, 0, 1.0]",3.667585436702109
150,gaussian,COBYLA,recursive,False,True,1,6,9,D~{,294.06810784339905,35,[],[1. 0. 1. 0. 0. 0. 1. 1. 0.],8.325796434273311,"[1.0, 0, 1.0, 0, 0, 0, 1.0, 1.0, 0]",8.325796434273311
151,gaussian,COBYLA,recursive,False,True,1,6,5,HCrfZzf,0.04081416130065918,0,[],[1. 0. 0. 0. 1.],3.667585436702109,"[1.0, 0, 0, 0, 1.0]",3.667585436702109
152,gaussian,COBYLA,recursive,False,True,1,7,9,D~{,217.6866066455841,33,[],[1. 0. 1. 0. 0. 0. 1. 1. 0.],8.325796434273311,"[1.0, 0, 1.0, 0, 0, 0, 1.0, 1.0, 0]",8.325796434273311
153,gaussian,COBYLA,recursive,False,True,1,7,5,HCrfZzf,0.060578346252441406,0,[],[1. 0. 0. 0. 1.],3.667585436702109,"[1.0, 0, 0, 0, 1.0]",3.667585436702109
154,gaussian,COBYLA,recursive,False,True,1,1,9,D~{,788.0251550674438,26,[],[1. 0. 0. 0. 0. 0. 1. 1. 0.],8.215132111345994,"[1.0, 0, 1.0, 0, 0, 0, 1.0, 1.0, 0]",8.325796434273311
155,gaussian,COBYLA,recursive,False,True,1,1,5,HCrfZzf,374.74766302108765,30,[],[1. 0. 0. 0. 1.],3.667585436702109,"[1.0, 0, 0, 0, 1.0]",3.667585436702109
156,gaussian,COBYLA,recursive,False,True,1,2,9,D~{,728.4749510288239,33,[],[1. 0. 1. 0. 0. 0. 1. 1. 0.],8.325796434273311,"[1.0, 0, 1.0, 0, 0, 0, 1.0, 1.0, 0]",8.325796434273311
157,gaussian,COBYLA,recursive,False,True,1,2,5,HCrfZzf,273.70796823501587,28,[],[1. 0. 0. 0. 1.],3.667585436702109,"[1.0, 0, 0, 0, 1.0]",3.667585436702109
158,gaussian,COBYLA,recursive,False,True,1,3,9,D~{,590.4031398296356,35,[],[1. 0. 1. 0. 0. 0. 1. 1. 0.],8.325796434273311,"[1.0, 0, 1.0, 0, 0, 0, 1.0, 1.0, 0]",8.325796434273311
159,gaussian,COBYLA,recursive,False,True,1,3,5,HCrfZzf,209.5442295074463,35,[],[1. 0. 0. 0. 1.],3.667585436702109,"[1.0, 0, 0, 0, 1.0]",3.667585436702109
160,gaussian,COBYLA,recursive,False,True,1,4,9,D~{,520.701648235321,30,[],[1. 0. 1. 0. 0. 0. 1. 1. 0.],8.325796434273311,"[1.0, 0, 1.0, 0, 0, 0, 1.0, 1.0, 0]",8.325796434273311
161,gaussian,COBYLA,recursive,False,True,1,4,5,HCrfZzf,90.01130485534668,29,[],[1. 0. 0. 0. 1.],3.667585436702109,"[1.0, 0, 0, 0, 1.0]",3.667585436702109
162,gaussian,COBYLA,recursive,False,True,1,5,9,D~{,432.270973443985,34,[],[1. 0. 1. 0. 0. 0. 1. 1. 0.],8.325796434273311,"[1.0, 0, 1.0, 0, 0, 0, 1.0, 1.0, 0]",8.325796434273311
163,gaussian,COBYLA,recursive,False,True,1,5,5,HCrfZzf,0.04099082946777344,0,[],[1. 0. 0. 0. 1.],3.667585436702109,"[1.0, 0, 0, 0, 1.0]",3.667585436702109
164,gaussian,COBYLA,recursive,False,True,1,6,9,D~{,298.7092444896698,35,[],[1. 0. 1. 0. 0. 0. 1. 1. 0.],8.325796434273311,"[1.0, 0, 1.0, 0, 0, 0, 1.0, 1.0, 0]",8.325796434273311
165,gaussian,COBYLA,recursive,False,True,1,6,5,HCrfZzf,0.05068802833557129,0,[],[1. 0. 0. 0. 1.],3.667585436702109,"[1.0, 0, 0, 0, 1.0]",3.667585436702109
166,gaussian,COBYLA,recursive,False,True,1,7,9,D~{,235.92987298965454,35,[],[1. 0. 1. 0. 0. 0. 1. 1. 0.],8.325796434273311,"[1.0, 0, 1.0, 0, 0, 0, 1.0, 1.0, 0]",8.325796434273311
167,gaussian,COBYLA,recursive,False,True,1,7,5,HCrfZzf,0.04073596000671387,0,[],[1. 0. 0. 0. 1.],3.667585436702109,"[1.0, 0, 0, 0, 1.0]",3.667585436702109
168,gaussian,COBYLA,recursive,False,True,1,1,9,D~{,787.352334022522,28,[],[1. 0. 1. 0. 0. 0. 1. 1. 0.],8.325796434273311,"[1.0, 0, 1.0, 0, 0, 0, 1.0, 1.0, 0]",8.325796434273311
169,gaussian,COBYLA,recursive,False,True,1,1,5,HCrfZzf,408.2629497051239,31,[],[1. 0. 0. 0. 1.],3.667585436702109,"[1.0, 0, 0, 0, 1.0]",3.667585436702109
170,gaussian,COBYLA,recursive,False,True,1,2,9,D~{,757.1328876018524,34,[],[1. 1. 1. 0. 0. 0. 1. 1. 0.],8.033912627316202,"[1.0, 0, 1.0, 0, 0, 0, 1.0, 1.0, 0]",8.325796434273311
171,gaussian,COBYLA,recursive,False,True,1,2,5,HCrfZzf,294.39751982688904,32,[],[1. 0. 0. 0. 1.],3.667585436702109,"[1.0, 0, 0, 0, 1.0]",3.667585436702109
172,gaussian,COBYLA,recursive,False,True,1,3,9,D~{,591.331280708313,29,[],[1. 0. 1. 0. 0. 0. 1. 1. 0.],8.325796434273311,"[1.0, 0, 1.0, 0, 0, 0, 1.0, 1.0, 0]",8.325796434273311
173,gaussian,COBYLA,recursive,False,True,1,3,5,HCrfZzf,191.79193758964539,31,[],[1. 0. 0. 0. 1.],3.667585436702109,"[1.0, 0, 0, 0, 1.0]",3.667585436702109
174,gaussian,COBYLA,recursive,False,True,1,4,9,D~{,518.7179539203644,33,[],[1. 0. 1. 0. 0. 0. 1. 1. 0.],8.325796434273311,"[1.0, 0, 1.0, 0, 0, 0, 1.0, 1.0, 0]",8.325796434273311
175,gaussian,COBYLA,recursive,False,True,1,4,5,HCrfZzf,130.54619550704956,37,[],[1. 0. 0. 0. 1.],3.667585436702109,"[1.0, 0, 0, 0, 1.0]",3.667585436702109
176,gaussian,COBYLA,recursive,False,True,1,5,9,D~{,413.8332223892212,35,[],[1. 0. 1. 0. 0. 0. 1. 1. 0.],8.325796434273311,"[1.0, 0, 1.0, 0, 0, 0, 1.0, 1.0, 0]",8.325796434273311
177,gaussian,COBYLA,recursive,False,True,1,5,5,HCrfZzf,0.05960583686828613,0,[],[1. 0. 0. 0. 1.],3.667585436702109,"[1.0, 0, 0, 0, 1.0]",3.667585436702109
178,gaussian,COBYLA,recursive,False,True,1,6,9,D~{,309.5448462963104,36,[],[1. 0. 1. 0. 0. 0. 1. 1. 0.],8.325796434273311,"[1.0, 0, 1.0, 0, 0, 0, 1.0, 1.0, 0]",8.325796434273311
179,gaussian,COBYLA,recursive,False,True,1,6,5,HCrfZzf,0.06875014305114746,0,[],[1. 0. 0. 0. 1.],3.667585436702109,"[1.0, 0, 0, 0, 1.0]",3.667585436702109
180,gaussian,COBYLA,recursive,False,True,1,7,9,D~{,190.11307954788208,32,[],[1. 0. 1. 0. 0. 0. 1. 1. 0.],8.325796434273311,"[1.0, 0, 1.0, 0, 0, 0, 1.0, 1.0, 0]",8.325796434273311
181,gaussian,COBYLA,recursive,False,True,1,7,5,HCrfZzf,0.05907440185546875,0,[],[1. 0. 0. 0. 1.],3.667585436702109,"[1.0, 0, 0, 0, 1.0]",3.667585436702109
182,gaussian,COBYLA,recursive,False,True,1,1,9,D~{,810.8328990936279,31,[],[1. 1. 1. 0. 0. 0. 1. 1. 0.],8.033912627316202,"[1.0, 0, 1.0, 0, 0, 0, 1.0, 1.0, 0]",8.325796434273311
183,gaussian,COBYLA,recursive,False,True,1,1,5,HCrfZzf,401.4909646511078,29,[],[1. 0. 0. 0. 1.],3.667585436702109,"[1.0, 0, 0, 0, 1.0]",3.667585436702109
184,gaussian,COBYLA,recursive,False,True,1,2,9,D~{,784.4891090393066,29,[],[1. 0. 1. 0. 0. 0. 1. 1. 0.],8.325796434273311,"[1.0, 0, 1.0, 0, 0, 0, 1.0, 1.0, 0]",8.325796434273311
185,gaussian,COBYLA,recursive,False,True,1,2,5,HCrfZzf,299.02204155921936,31,[],[1. 0. 0. 0. 1.],3.667585436702109,"[1.0, 0, 0, 0, 1.0]",3.667585436702109
186,gaussian,COBYLA,recursive,False,True,1,3,9,D~{,665.5529434680939,28,[],[1. 0. 1. 0. 0. 0. 1. 1. 0.],8.325796434273311,"[1.0, 0, 1.0, 0, 0, 0, 1.0, 1.0, 0]",8.325796434273311
187,gaussian,COBYLA,recursive,False,True,1,3,5,HCrfZzf,230.76924109458923,35,[],[1. 0. 0. 0. 1.],3.667585436702109,"[1.0, 0, 0, 0, 1.0]",3.667585436702109
188,gaussian,COBYLA,recursive,False,True,1,4,9,D~{,574.5612218379974,31,[],[1. 0. 1. 0. 0. 0. 1. 1. 0.],8.325796434273311,"[1.0, 0, 1.0, 0, 0, 0, 1.0, 1.0, 0]",8.325796434273311
189,gaussian,COBYLA,recursive,False,True,1,4,5,HCrfZzf,108.84019017219543,34,[],[1. 0. 0. 0. 1.],3.667585436702109,"[1.0, 0, 0, 0, 1.0]",3.667585436702109
190,gaussian,COBYLA,recursive,False,True,1,5,9,D~{,415.83351469039917,33,[],[1. 0. 1. 0. 0. 0. 1. 1. 0.],8.325796434273311,"[1.0, 0, 1.0, 0, 0, 0, 1.0, 1.0, 0]",8.325796434273311
191,gaussian,COBYLA,recursive,False,True,1,5,5,HCrfZzf,0.07541394233703613,0,[],[1. 0. 0. 0. 1.],3.667585436702109,"[1.0, 0, 0, 0, 1.0]",3.667585436702109
192,gaussian,COBYLA,recursive,False,True,1,6,9,D~{,340.0829849243164,31,[],[1. 0. 1. 0. 0. 0. 1. 1. 0.],8.325796434273311,"[1.0, 0, 1.0, 0, 0, 0, 1.0, 1.0, 0]",8.325796434273311
193,gaussian,COBYLA,recursive,False,True,1,6,5,HCrfZzf,0.03887295722961426,0,[],[1. 0. 0. 0. 1.],3.667585436702109,"[1.0, 0, 0, 0, 1.0]",3.667585436702109
194,gaussian,COBYLA,recursive,False,True,1,7,9,D~{,201.7081913948059,30,[],[1. 0. 1. 0. 0. 0. 1. 1. 0.],8.325796434273311,"[1.0, 0, 1.0, 0, 0, 0, 1.0, 1.0, 0]",8.325796434273311
195,gaussian,COBYLA,recursive,False,True,1,7,5,HCrfZzf,0.04642367362976074,0,[],[1. 0. 0. 0. 1.],3.667585436702109,"[1.0, 0, 0, 0, 1.0]",3.667585436702109
196,gaussian,COBYLA,recursive,False,True,1,1,9,D~{,796.2304723262787,29,[],[1. 0. 1. 0. 0. 0. 1. 1. 0.],8.325796434273311,"[1.0, 0, 1.0, 0, 0, 0, 1.0, 1.0, 0]",8.325796434273311
197,gaussian,COBYLA,recursive,False,True,1,1,5,HCrfZzf,437.4685363769531,32,[],[1. 0. 0. 0. 1.],3.667585436702109,"[1.0, 0, 0, 0, 1.0]",3.667585436702109
198,gaussian,COBYLA,recursive,False,True,1,2,9,D~{,673.4508557319641,31,[],[0. 1. 0. 1. 1. 1. 0. 0. 1.],8.325796434273311,"[1.0, 0, 1.0, 0, 0, 0, 1.0, 1.0, 0]",8.325796434273311
199,gaussian,COBYLA,recursive,False,True,1,2,5,HCrfZzf,299.29686188697815,30,[],[1. 0. 0. 0. 1.],3.667585436702109,"[1.0, 0, 0, 0, 1.0]",3.667585436702109
200,gaussian,COBYLA,recursive,False,True,1,3,9,D~{,634.9237778186798,34,[],[1. 0. 1. 0. 0. 0. 1. 1. 0.],8.325796434273311,"[1.0, 0, 1.0, 0, 0, 0, 1.0, 1.0, 0]",8.325796434273311
201,gaussian,COBYLA,recursive,False,True,1,3,5,HCrfZzf,222.24575448036194,28,[],[1. 0. 0. 0. 1.],3.667585436702109,"[1.0, 0, 0, 0, 1.0]",3.667585436702109
202,gaussian,COBYLA,recursive,False,True,1,4,9,D~{,534.144947052002,35,[],[1. 0. 1. 0. 0. 0. 1. 1. 0.],8.325796434273311,"[1.0, 0, 1.0, 0, 0, 0, 1.0, 1.0, 0]",8.325796434273311
203,gaussian,COBYLA,recursive,False,True,1,4,5,HCrfZzf,106.10159111022949,34,[],[1. 0. 0. 0. 1.],3.667585436702109,"[1.0, 0, 0, 0, 1.0]",3.667585436702109
204,gaussian,COBYLA,recursive,False,True,1,5,9,D~{,377.9147114753723,29,[],[1. 0. 1. 0. 0. 0. 1. 1. 0.],8.325796434273311,"[1.0, 0, 1.0, 0, 0, 0, 1.0, 1.0, 0]",8.325796434273311
205,gaussian,COBYLA,recursive,False,True,1,5,5,HCrfZzf,0.03935408592224121,0,[],[1. 0. 0. 0. 1.],3.667585436702109,"[1.0, 0, 0, 0, 1.0]",3.667585436702109
206,gaussian,COBYLA,recursive,False,True,1,6,9,D~{,322.6656675338745,32,[],[1. 0. 1. 0. 0. 0. 1. 1. 0.],8.325796434273311,"[1.0, 0, 1.0, 0, 0, 0, 1.0, 1.0, 0]",8.325796434273311
207,gaussian,COBYLA,recursive,False,True,1,6,5,HCrfZzf,0.060658931732177734,0,[],[1. 0. 0. 0. 1.],3.667585436702109,"[1.0, 0, 0, 0, 1.0]",3.667585436702109
208,gaussian,COBYLA,recursive,False,True,1,7,9,D~{,188.04973125457764,28,[],[1. 0. 1. 0. 0. 0. 1. 1. 0.],8.325796434273311,"[1.0, 0, 1.0, 0, 0, 0, 1.0, 1.0, 0]",8.325796434273311
209,gaussian,COBYLA,recursive,False,True,1,7,5,HCrfZzf,0.03870987892150879,0,[],[1. 0. 0. 0. 1.],3.667585436702109,"[1.0, 0, 0, 0, 1.0]",3.667585436702109
210,gaussian,COBYLA,recursive,False,True,1,1,9,D~{,797.3151578903198,29,[],[0. 1. 0. 1. 1. 1. 0. 0. 1.],8.325796434273311,"[1.0, 0, 1.0, 0, 0, 0, 1.0, 1.0, 0]",8.325796434273311
211,gaussian,COBYLA,recursive,False,True,1,1,5,HCrfZzf,390.9872303009033,29,[],[0. 0. 1. 1. 0.],2.9168667000160395,"[1.0, 0, 0, 0, 1.0]",3.667585436702109
212,gaussian,COBYLA,recursive,False,True,1,2,9,D~{,779.3598465919495,34,[],[0. 1. 0. 1. 1. 1. 0. 0. 1.],8.325796434273311,"[1.0, 0, 1.0, 0, 0, 0, 1.0, 1.0, 0]",8.325796434273311
213,gaussian,COBYLA,recursive,False,True,1,2,5,HCrfZzf,312.45313906669617,33,[],[1. 0. 0. 0. 1.],3.667585436702109,"[1.0, 0, 0, 0, 1.0]",3.667585436702109
214,gaussian,COBYLA,recursive,False,True,1,3,9,D~{,635.3279211521149,28,[],[1. 0. 1. 0. 0. 0. 1. 1. 0.],8.325796434273311,"[1.0, 0, 1.0, 0, 0, 0, 1.0, 1.0, 0]",8.325796434273311
215,gaussian,COBYLA,recursive,False,True,1,3,5,HCrfZzf,193.58817100524902,29,[],[1. 0. 0. 0. 1.],3.667585436702109,"[1.0, 0, 0, 0, 1.0]",3.667585436702109
216,gaussian,COBYLA,recursive,False,True,1,4,9,D~{,461.9782793521881,29,[],[1. 0. 1. 0. 0. 0. 1. 1. 0.],8.325796434273311,"[1.0, 0, 1.0, 0, 0, 0, 1.0, 1.0, 0]",8.325796434273311
217,gaussian,COBYLA,recursive,False,True,1,4,5,HCrfZzf,96.75286149978638,28,[],[1. 0. 0. 0. 1.],3.667585436702109,"[1.0, 0, 0, 0, 1.0]",3.667585436702109
218,gaussian,COBYLA,recursive,False,True,1,5,9,D~{,400.5279529094696,30,[],[1. 0. 1. 0. 0. 0. 1. 1. 0.],8.325796434273311,"[1.0, 0, 1.0, 0, 0, 0, 1.0, 1.0, 0]",8.325796434273311
219,gaussian,COBYLA,recursive,False,True,1,5,5,HCrfZzf,0.05703401565551758,0,[],[1. 0. 0. 0. 1.],3.667585436702109,"[1.0, 0, 0, 0, 1.0]",3.667585436702109
220,gaussian,COBYLA,recursive,False,True,1,6,9,D~{,303.85934615135193,32,[],[1. 0. 1. 0. 0. 0. 1. 1. 0.],8.325796434273311,"[1.0, 0, 1.0, 0, 0, 0, 1.0, 1.0, 0]",8.325796434273311
221,gaussian,COBYLA,recursive,False,True,1,6,5,HCrfZzf,0.034882545471191406,0,[],[1. 0. 0. 0. 1.],3.667585436702109,"[1.0, 0, 0, 0, 1.0]",3.667585436702109
222,gaussian,COBYLA,recursive,False,True,1,7,9,D~{,219.4540319442749,32,[],[1. 0. 1. 0. 0. 0. 1. 1. 0.],8.325796434273311,"[1.0, 0, 1.0, 0, 0, 0, 1.0, 1.0, 0]",8.325796434273311
223,gaussian,COBYLA,recursive,False,True,1,7,5,HCrfZzf,0.0608370304107666,0,[],[1. 0. 0. 0. 1.],3.667585436702109,"[1.0, 0, 0, 0, 1.0]",3.667585436702109
224,gaussian,COBYLA,recursive,False,True,1,1,9,D~{,773.6080713272095,31,[],[0. 1. 0. 1. 1. 0. 0. 0. 1.],7.69595458208927,"[1.0, 0, 1.0, 0, 0, 0, 1.0, 1.0, 0]",8.325796434273311
225,gaussian,COBYLA,recursive,False,True,1,1,5,HCrfZzf,409.94448709487915,35,[],[1. 0. 0. 0. 1.],3.667585436702109,"[1.0, 0, 0, 0, 1.0]",3.667585436702109
226,gaussian,COBYLA,recursive,False,True,1,2,9,D~{,696.266491651535,32,[],[1. 0. 1. 0. 0. 0. 1. 1. 0.],8.325796434273311,"[1.0, 0, 1.0, 0, 0, 0, 1.0, 1.0, 0]",8.325796434273311
227,gaussian,COBYLA,recursive,False,True,1,2,5,HCrfZzf,310.4463577270508,34,[],[1. 0. 0. 0. 1.],3.667585436702109,"[1.0, 0, 0, 0, 1.0]",3.667585436702109
228,gaussian,COBYLA,recursive,False,True,1,3,9,D~{,603.8297681808472,28,[],[0. 1. 0. 1. 1. 1. 0. 0. 1.],8.325796434273311,"[1.0, 0, 1.0, 0, 0, 0, 1.0, 1.0, 0]",8.325796434273311
229,gaussian,COBYLA,recursive,False,True,1,3,5,HCrfZzf,219.87301564216614,33,[],[1. 0. 0. 0. 1.],3.667585436702109,"[1.0, 0, 0, 0, 1.0]",3.667585436702109
230,gaussian,COBYLA,recursive,False,True,1,4,9,D~{,540.2831501960754,38,[],[1. 0. 1. 0. 0. 0. 1. 1. 0.],8.325796434273311,"[1.0, 0, 1.0, 0, 0, 0, 1.0, 1.0, 0]",8.325796434273311
231,gaussian,COBYLA,recursive,False,True,1,4,5,HCrfZzf,93.72272968292236,29,[],[1. 0. 0. 0. 1.],3.667585436702109,"[1.0, 0, 0, 0, 1.0]",3.667585436702109
232,gaussian,COBYLA,recursive,False,True,1,5,9,D~{,418.54874658584595,32,[],[1. 0. 1. 0. 0. 0. 1. 1. 0.],8.325796434273311,"[1.0, 0, 1.0, 0, 0, 0, 1.0, 1.0, 0]",8.325796434273311
233,gaussian,COBYLA,recursive,False,True,1,5,5,HCrfZzf,0.03684592247009277,0,[],[1. 0. 0. 0. 1.],3.667585436702109,"[1.0, 0, 0, 0, 1.0]",3.667585436702109
234,gaussian,COBYLA,recursive,False,True,1,6,9,D~{,295.9260811805725,32,[],[1. 0. 1. 0. 0. 0. 1. 1. 0.],8.325796434273311,"[1.0, 0, 1.0, 0, 0, 0, 1.0, 1.0, 0]",8.325796434273311
235,gaussian,COBYLA,recursive,False,True,1,6,5,HCrfZzf,0.05063796043395996,0,[],[1. 0. 0. 0. 1.],3.667585436702109,"[1.0, 0, 0, 0, 1.0]",3.667585436702109
236,gaussian,COBYLA,recursive,False,True,1,7,9,D~{,201.252539396286,31,[],[1. 0. 1. 0. 0. 0. 1. 1. 0.],8.325796434273311,"[1.0, 0, 1.0, 0, 0, 0, 1.0, 1.0, 0]",8.325796434273311
237,gaussian,COBYLA,recursive,False,True,1,7,5,HCrfZzf,0.0685281753540039,0,[],[1. 0. 0. 0. 1.],3.667585436702109,"[1.0, 0, 0, 0, 1.0]",3.667585436702109
238,gaussian,COBYLA,recursive,False,True,1,1,9,D~{,757.0353891849518,28,[],[1. 0. 1. 0. 0. 0. 1. 1. 0.],8.325796434273311,"[1.0, 0, 1.0, 0, 0, 0, 1.0, 1.0, 0]",8.325796434273311
239,gaussian,COBYLA,recursive,False,True,1,1,5,HCrfZzf,390.528413772583,31,[],[1. 0. 0. 0. 1.],3.667585436702109,"[1.0, 0, 0, 0, 1.0]",3.667585436702109
240,gaussian,COBYLA,recursive,False,True,1,2,9,D~{,665.5666320323944,39,[],[1. 0. 1. 0. 0. 0. 1. 1. 0.],8.325796434273311,"[1.0, 0, 1.0, 0, 0, 0, 1.0, 1.0, 0]",8.325796434273311
241,gaussian,COBYLA,recursive,False,True,1,2,5,HCrfZzf,255.6725573539734,30,[],[1. 0. 0. 0. 1.],3.667585436702109,"[1.0, 0, 0, 0, 1.0]",3.667585436702109
242,gaussian,COBYLA,recursive,False,True,1,3,9,D~{,586.8990616798401,28,[],[1. 0. 1. 0. 0. 0. 1. 1. 0.],8.325796434273311,"[1.0, 0, 1.0, 0, 0, 0, 1.0, 1.0, 0]",8.325796434273311
243,gaussian,COBYLA,recursive,False,True,1,3,5,HCrfZzf,177.247061252594,29,[],[1. 0. 0. 0. 1.],3.667585436702109,"[1.0, 0, 0, 0, 1.0]",3.667585436702109
244,gaussian,COBYLA,recursive,False,True,1,4,9,D~{,532.3444743156433,35,[],[1. 0. 1. 0. 0. 0. 1. 1. 0.],8.325796434273311,"[1.0, 0, 1.0, 0, 0, 0, 1.0, 1.0, 0]",8.325796434273311
245,gaussian,COBYLA,recursive,False,True,1,4,5,HCrfZzf,102.99937105178833,33,[],[1. 0. 0. 0. 1.],3.667585436702109,"[1.0, 0, 0, 0, 1.0]",3.667585436702109
246,gaussian,COBYLA,recursive,False,True,1,5,9,D~{,432.16678833961487,33,[],[1. 0. 1. 0. 0. 0. 1. 1. 0.],8.325796434273311,"[1.0, 0, 1.0, 0, 0, 0, 1.0, 1.0, 0]",8.325796434273311
247,gaussian,COBYLA,recursive,False,True,1,5,5,HCrfZzf,0.0422821044921875,0,[],[1. 0. 0. 0. 1.],3.667585436702109,"[1.0, 0, 0, 0, 1.0]",3.667585436702109
248,gaussian,COBYLA,recursive,False,True,1,6,9,D~{,322.3223819732666,34,[],[1. 0. 1. 0. 0. 0. 1. 1. 0.],8.325796434273311,"[1.0, 0, 1.0, 0, 0, 0, 1.0, 1.0, 0]",8.325796434273311
249,gaussian,COBYLA,recursive,False,True,1,6,5,HCrfZzf,0.044905900955200195,0,[],[1. 0. 0. 0. 1.],3.667585436702109,"[1.0, 0, 0, 0, 1.0]",3.667585436702109
250,gaussian,COBYLA,recursive,False,True,1,7,9,D~{,206.959082365036,34,[],[1. 0. 1. 0. 0. 0. 1. 1. 0.],8.325796434273311,"[1.0, 0, 1.0, 0, 0, 0, 1.0, 1.0, 0]",8.325796434273311
251,gaussian,COBYLA,recursive,False,True,1,7,5,HCrfZzf,0.05192112922668457,0,[],[1. 0. 0. 0. 1.],3.667585436702109,"[1.0, 0, 0, 0, 1.0]",3.667585436702109
252,gaussian,COBYLA,recursive,False,True,1,1,9,D~{,746.4077725410461,30,[],[1. 0. 1. 0. 0. 0. 1. 1. 0.],8.325796434273311,"[1.0, 0, 1.0, 0, 0, 0, 1.0, 1.0, 0]",8.325796434273311
253,gaussian,COBYLA,recursive,False,True,1,1,5,HCrfZzf,416.40301752090454,31,[],[0. 1. 1. 1. 0.],3.667585436702108,"[1.0, 0, 0, 0, 1.0]",3.667585436702109
254,gaussian,COBYLA,recursive,False,True,1,2,9,D~{,720.0111861228943,34,[],[1. 0. 1. 0. 0. 0. 1. 1. 0.],8.325796434273311,"[1.0, 0, 1.0, 0, 0, 0, 1.0, 1.0, 0]",8.325796434273311
255,gaussian,COBYLA,recursive,False,True,1,2,5,HCrfZzf,271.92632007598877,30,[],[1. 0. 0. 0. 1.],3.667585436702109,"[1.0, 0, 0, 0, 1.0]",3.667585436702109
256,gaussian,COBYLA,recursive,False,True,1,3,9,D~{,583.0219402313232,27,[],[1. 0. 1. 0. 0. 0. 1. 1. 0.],8.325796434273311,"[1.0, 0, 1.0, 0, 0, 0, 1.0, 1.0, 0]",8.325796434273311
257,gaussian,COBYLA,recursive,False,True,1,3,5,HCrfZzf,186.07703971862793,29,[],[1. 0. 0. 0. 1.],3.667585436702109,"[1.0, 0, 0, 0, 1.0]",3.667585436702109
258,gaussian,COBYLA,recursive,False,True,1,4,9,D~{,503.0945727825165,29,[],[1. 0. 1. 0. 0. 0. 1. 1. 0.],8.325796434273311,"[1.0, 0, 1.0, 0, 0, 0, 1.0, 1.0, 0]",8.325796434273311
259,gaussian,COBYLA,recursive,False,True,1,4,5,HCrfZzf,94.53727316856384,31,[],[1. 0. 0. 0. 1.],3.667585436702109,"[1.0, 0, 0, 0, 1.0]",3.667585436702109
260,gaussian,COBYLA,recursive,False,True,1,5,9,D~{,412.8653771877289,29,[],[1. 0. 1. 0. 0. 0. 1. 1. 0.],8.325796434273311,"[1.0, 0, 1.0, 0, 0, 0, 1.0, 1.0, 0]",8.325796434273311
261,gaussian,COBYLA,recursive,False,True,1,5,5,HCrfZzf,0.039731740951538086,0,[],[1. 0. 0. 0. 1.],3.667585436702109,"[1.0, 0, 0, 0, 1.0]",3.667585436702109
262,gaussian,COBYLA,recursive,False,True,1,6,9,D~{,328.6183021068573,34,[],[1. 0. 1. 0. 0. 0. 1. 1. 0.],8.325796434273311,"[1.0, 0, 1.0, 0, 0, 0, 1.0, 1.0, 0]",8.325796434273311
263,gaussian,COBYLA,recursive,False,True,1,6,5,HCrfZzf,0.04036712646484375,0,[],[1. 0. 0. 0. 1.],3.667585436702109,"[1.0, 0, 0, 0, 1.0]",3.667585436702109
264,gaussian,COBYLA,recursive,False,True,1,7,9,D~{,195.7845323085785,29,[],[1. 0. 1. 0. 0. 0. 1. 1. 0.],8.325796434273311,"[1.0, 0, 1.0, 0, 0, 0, 1.0, 1.0, 0]",8.325796434273311
265,gaussian,COBYLA,recursive,False,True,1,7,5,HCrfZzf,0.045964717864990234,0,[],[1. 0. 0. 0. 1.],3.667585436702109,"[1.0, 0, 0, 0, 1.0]",3.667585436702109
266,gaussian,COBYLA,recursive,False,True,1,1,9,D~{,555.539365530014,28,[],[1. 0. 1. 0. 0. 0. 1. 1. 0.],8.325796434273311,"[1.0, 0, 1.0, 0, 0, 0, 1.0, 1.0, 0]",8.325796434273311
267,gaussian,COBYLA,recursive,False,True,1,1,5,HCrfZzf,377.69415616989136,31,[],[1. 0. 0. 0. 1.],3.667585436702109,"[1.0, 0, 0, 0, 1.0]",3.667585436702109
268,gaussian,COBYLA,recursive,False,True,1,2,9,D~{,511.24501180648804,36,[],[1. 0. 1. 0. 0. 0. 1. 1. 0.],8.325796434273311,"[1.0, 0, 1.0, 0, 0, 0, 1.0, 1.0, 0]",8.325796434273311
269,gaussian,COBYLA,recursive,False,True,1,2,5,HCrfZzf,263.99125266075134,28,[],[1. 0. 0. 0. 1.],3.667585436702109,"[1.0, 0, 0, 0, 1.0]",3.667585436702109
270,gaussian,COBYLA,recursive,False,True,1,3,9,D~{,413.43934893608093,25,[],[1. 0. 1. 0. 0. 0. 1. 1. 0.],8.325796434273311,"[1.0, 0, 1.0, 0, 0, 0, 1.0, 1.0, 0]",8.325796434273311
271,gaussian,COBYLA,recursive,False,True,1,3,5,HCrfZzf,200.65699243545532,34,[],[1. 0. 0. 0. 1.],3.667585436702109,"[1.0, 0, 0, 0, 1.0]",3.667585436702109
272,gaussian,COBYLA,recursive,False,True,1,4,9,D~{,370.9016606807709,32,[],[1. 0. 1. 0. 0. 0. 1. 1. 0.],8.325796434273311,"[1.0, 0, 1.0, 0, 0, 0, 1.0, 1.0, 0]",8.325796434273311
273,gaussian,COBYLA,recursive,False,True,1,4,5,HCrfZzf,93.51710152626038,29,[],[1. 0. 0. 0. 1.],3.667585436702109,"[1.0, 0, 0, 0, 1.0]",3.667585436702109
274,gaussian,COBYLA,recursive,False,True,1,5,9,D~{,298.3845283985138,31,[],[1. 0. 1. 0. 0. 0. 1. 1. 0.],8.325796434273311,"[1.0, 0, 1.0, 0, 0, 0, 1.0, 1.0, 0]",8.325796434273311
275,gaussian,COBYLA,recursive,False,True,1,5,5,HCrfZzf,0.0433957576751709,0,[],[1. 0. 0. 0. 1.],3.667585436702109,"[1.0, 0, 0, 0, 1.0]",3.667585436702109
276,gaussian,COBYLA,recursive,False,True,1,6,9,D~{,217.57386803627014,27,[],[1. 0. 1. 0. 0. 0. 1. 1. 0.],8.325796434273311,"[1.0, 0, 1.0, 0, 0, 0, 1.0, 1.0, 0]",8.325796434273311
277,gaussian,COBYLA,recursive,False,True,1,6,5,HCrfZzf,0.05138707160949707,0,[],[1. 0. 0. 0. 1.],3.667585436702109,"[1.0, 0, 0, 0, 1.0]",3.667585436702109
278,gaussian,COBYLA,recursive,False,True,1,7,9,D~{,148.58371257781982,33,[],[1. 0. 1. 0. 0. 0. 1. 1. 0.],8.325796434273311,"[1.0, 0, 1.0, 0, 0, 0, 1.0, 1.0, 0]",8.325796434273311
279,gaussian,COBYLA,recursive,False,True,1,7,5,HCrfZzf,0.03181743621826172,0,[],[1. 0. 0. 0. 1.],3.667585436702109,"[1.0, 0, 0, 0, 1.0]",3.667585436702109
