,qaoa_variant,warm_start,errors,depth,vertexcover,graph_size,graph_name,time_elapsed,quantum_func_evals,obj_func_evolution,quantum_solution,quantum_obj_value,classic_solution,classic_value,final_params,percent_measure_optimal
0,vanilla,False,False,1,False,5,>>graph6<<DkO,9.932262659072876,58,"[array(0.1307), array(0.3234), array(0.1192), array(-0.50755), array(0.55965), array(0.0097), array(-0.08635), array(-0.5293), array(-0.4811), array(-0.5137), array(-0.57905), array(-0.59315), array(-0.5834), array(-0.5941), array(-0.58645), array(-0.5854), array(-0.5914), array(-0.58935), array(-0.6011), array(-0.59965), array(-0.5797), array(-0.5947), array(-0.59435), array(-0.5948), array(-0.59135), array(-0.57635), array(-0.59995), array(-0.5934), array(-0.5842), array(-0.59905), array(-0.5893), array(-0.58285), array(-0.5768), array(-0.60145), array(-0.5998), array(-0.60755), array(-0.58145), array(-0.6068), array(-0.58815), array(-0.5897), array(-0.58365), array(-0.57945), array(-0.5966), array(-0.5877), array(-0.5729), array(-0.5951), array(-0.5998), array(-0.59425), array(-0.5992), array(-0.57145), array(-0.59035), array(-0.59115), array(-0.5912), array(-0.5796), array(-0.58595), array(-0.587), array(-0.60285), array(-0.59595)]","[1, 0, 0, 1, 0]",2.5,"[1.0, 0, 0, 1.0, 0]",2.5,[4.3477551  1.74349727],0.2694
1,vanilla,False,False,1,False,5,>>graph6<<Dm{,10.354174375534058,52,"[array(0.56575), array(-0.3476), array(-0.6101), array(0.5005), array(0.10705), array(-0.62975), array(-0.2476), array(-0.7083), array(0.0106), array(-0.4272), array(-0.7588), array(-0.79925), array(-0.71845), array(-0.76235), array(-0.79615), array(-0.7824), array(-0.78015), array(-0.79625), array(-0.7946), array(-0.7949), array(-0.7995), array(-0.8075), array(-0.78565), array(-0.7793), array(-0.8097), array(-0.7994), array(-0.7928), array(-0.7929), array(-0.7958), array(-0.8021), array(-0.7956), array(-0.8038), array(-0.80625), array(-0.7807), array(-0.7862), array(-0.8027), array(-0.77945), array(-0.7846), array(-0.79805), array(-0.79415), array(-0.7911), array(-0.7925), array(-0.79645), array(-0.78185), array(-0.78015), array(-0.79005), array(-0.80585), array(-0.7982), array(-0.7968), array(-0.7987), array(-0.7863), array(-0.79145)]","[1, 0, 0, 0, 1]",3.75,"[1.0, 0, 0, 0, 1.0]",3.75,[4.41991654 0.98535205],0.2704
2,vanilla,True,False,1,False,5,>>graph6<<DkO,12.447258710861206,56,"[array(-0.4986), array(0.34385), array(-0.5169), array(-0.2373), array(-0.16565), array(-0.5998), array(-0.5645), array(-0.6207), array(-0.60715), array(-0.62075), array(-0.625), array(-0.64965), array(-0.64895), array(-0.6333), array(-0.6293), array(-0.65125), array(-0.64205), array(-0.64315), array(-0.6422), array(-0.65365), array(-0.64785), array(-0.6568), array(-0.64105), array(-0.6535), array(-0.65645), array(-0.642), array(-0.63675), array(-0.6354), array(-0.6464), array(-0.63305), array(-0.6453), array(-0.6492), array(-0.65365), array(-0.62885), array(-0.6466), array(-0.64295), array(-0.654), array(-0.6225), array(-0.65225), array(-0.6414), array(-0.6352), array(-0.62325), array(-0.6438), array(-0.6612), array(-0.6425), array(-0.6284), array(-0.65295), array(-0.649), array(-0.6357), array(-0.6278), array(-0.6291), array(-0.6384), array(-0.66), array(-0.63435), array(-0.64375), array(-0.64935)]","[1, 0, 0, 1, 0]",2.5,"[1.0, 0, 0, 1.0, 0]",2.5,[0.83644494 2.95783413],0.32149999999999995
3,vanilla,True,False,1,False,5,>>graph6<<Dm{,9.386995315551758,49,"[array(0.14115), array(-0.63705), array(-0.15745), array(0.04375), array(-0.55585), array(-0.7038), array(-0.5583), array(-0.83835), array(-0.92625), array(-0.75175), array(-0.8727), array(-0.891), array(-0.9222), array(-0.90255), array(-0.90385), array(-0.90175), array(-0.91705), array(-0.926), array(-0.9213), array(-0.91035), array(-0.8823), array(-0.88425), array(-0.90685), array(-0.89925), array(-0.9121), array(-0.9038), array(-0.8836), array(-0.89875), array(-0.9117), array(-0.89785), array(-0.90615), array(-0.9164), array(-0.902), array(-0.8853), array(-0.90995), array(-0.91565), array(-0.91425), array(-0.90775), array(-0.90495), array(-0.90325), array(-0.914), array(-0.91575), array(-0.9155), array(-0.9083), array(-0.9112), array(-0.91525), array(-0.9222), array(-0.90765), array(-0.90565)]","[1, 0, 0, 0, 1]",3.75,"[1.0, 0, 0, 0, 1.0]",3.75,[7.00535503 1.23268522],0.44279999999999997
4,vanilla,False,False,1,False,5,>>graph6<<DkO,9.04296326637268,52,"[array(-0.1002), array(0.48565), array(-0.0584), array(-0.39545), array(0.5771), array(-0.2348), array(-0.29955), array(0.2086), array(-0.2253), array(-0.33), array(-0.5474), array(-0.55435), array(-0.5612), array(-0.575), array(-0.5272), array(-0.5725), array(-0.5503), array(-0.5655), array(-0.57455), array(-0.54255), array(-0.58045), array(-0.5548), array(-0.56565), array(-0.54145), array(-0.55315), array(-0.5603), array(-0.56105), array(-0.5734), array(-0.55085), array(-0.56435), array(-0.55125), array(-0.5653), array(-0.561), array(-0.5575), array(-0.5564), array(-0.55475), array(-0.5428), array(-0.57105), array(-0.54625), array(-0.5507), array(-0.5576), array(-0.54385), array(-0.5693), array(-0.57005), array(-0.55535), array(-0.5513), array(-0.5615), array(-0.55155), array(-0.57365), array(-0.55925), array(-0.56), array(-0.5459)]","[1, 0, 0, 1, 0]",2.5,"[1.0, 0, 0, 1.0, 0]",2.5,[4.26999401 2.35992905],0.26449999999999996
5,vanilla,False,False,1,False,5,>>graph6<<Dm{,10.102996826171875,54,"[array(-0.02445), array(-0.0381), array(0.0329), array(1.2828), array(0.63025), array(-0.12005), array(-0.13345), array(-0.675), array(-0.5662), array(-0.68975), array(-0.53995), array(-0.7798), array(-0.7564), array(-0.8093), array(-0.8081), array(-0.7891), array(-0.80455), array(-0.79205), array(-0.80295), array(-0.8143), array(-0.8094), array(-0.8014), array(-0.79765), array(-0.79745), array(-0.7883), array(-0.7999), array(-0.7969), array(-0.79215), array(-0.78815), array(-0.79585), array(-0.8037), array(-0.79025), array(-0.78385), array(-0.79035), array(-0.80665), array(-0.79325), array(-0.80085), array(-0.79965), array(-0.82105), array(-0.79585), array(-0.78615), array(-0.7853), array(-0.7871), array(-0.7895), array(-0.7831), array(-0.79695), array(-0.79775), array(-0.80125), array(-0.7966), array(-0.79455), array(-0.78815), array(-0.79875), array(-0.789), array(-0.7906)]","[1, 0, 0, 0, 1]",3.75,"[1.0, 0, 0, 0, 1.0]",3.75,[5.93652207 0.83532405],0.2531
6,vanilla,True,False,1,False,5,>>graph6<<DkO,9.529568910598755,52,"[array(-0.629), array(0.02425), array(-0.5803), array(0.1689), array(-0.3352), array(-0.6036), array(-0.6588), array(-0.6295), array(-0.66805), array(-0.67545), array(-0.68135), array(-0.6843), array(-0.6752), array(-0.6755), array(-0.685), array(-0.6567), array(-0.6859), array(-0.6904), array(-0.6906), array(-0.69075), array(-0.65895), array(-0.66425), array(-0.66485), array(-0.65635), array(-0.68055), array(-0.66395), array(-0.6747), array(-0.6789), array(-0.67955), array(-0.6716), array(-0.6622), array(-0.6872), array(-0.681), array(-0.68535), array(-0.67615), array(-0.6618), array(-0.6813), array(-0.67985), array(-0.6707), array(-0.67155), array(-0.671), array(-0.6751), array(-0.67415), array(-0.6931), array(-0.68295), array(-0.68515), array(-0.6818), array(-0.68285), array(-0.685), array(-0.6688), array(-0.6853), array(-0.682)]","[1, 0, 0, 1, 0]",2.5,"[1.0, 0, 0, 1.0, 0]",2.5,[0.764037   1.18494629],0.3101
7,vanilla,True,False,1,False,5,>>graph6<<Dm{,14.017312288284302,58,"[array(0.04855), array(-0.37265), array(-0.11), array(0.70665), array(-0.0153), array(-0.4582), array(-0.31315), array(-0.64435), array(-0.86765), array(-1.0034), array(-1.10875), array(-1.19515), array(-1.16485), array(-1.25115), array(-1.23035), array(-1.23495), array(-1.25435), array(-1.26525), array(-1.2719), array(-1.26305), array(-1.26195), array(-1.28115), array(-1.25095), array(-1.2655), array(-1.264), array(-1.275), array(-1.26555), array(-1.25455), array(-1.2785), array(-1.2735), array(-1.2664), array(-1.2728), array(-1.27125), array(-1.2524), array(-1.25865), array(-1.27475), array(-1.2706), array(-1.25575), array(-1.27105), array(-1.2754), array(-1.26005), array(-1.2621), array(-1.26315), array(-1.26565), array(-1.2672), array(-1.27135), array(-1.2823), array(-1.26655), array(-1.2682), array(-1.27345), array(-1.27565), array(-1.2615), array(-1.2704), array(-1.2624), array(-1.2767), array(-1.27485), array(-1.26235), array(-1.2645)]","[0, 1, 1, 1, 0]",3.75,"[1.0, 0, 0, 0, 1.0]",3.75,[3.50529448 0.3886764 ],0.7839999999999999
8,vanilla,False,False,1,False,5,>>graph6<<DkO,10.095747709274292,51,"[array(-0.6253), array(0.4499), array(-0.54085), array(0.38695), array(0.3089), array(-0.3869), array(-0.6345), array(-0.2969), array(-0.58755), array(-0.59255), array(-0.6228), array(-0.62235), array(-0.6303), array(-0.6103), array(-0.63605), array(-0.62245), array(-0.63395), array(-0.63005), array(-0.62115), array(-0.6455), array(-0.62285), array(-0.63505), array(-0.61505), array(-0.6101), array(-0.6308), array(-0.62375), array(-0.62215), array(-0.61885), array(-0.62735), array(-0.62575), array(-0.63295), array(-0.63105), array(-0.6187), array(-0.645), array(-0.6169), array(-0.65375), array(-0.63885), array(-0.61795), array(-0.6331), array(-0.6185), array(-0.61765), array(-0.6302), array(-0.62435), array(-0.624), array(-0.6138), array(-0.63045), array(-0.63065), array(-0.6225), array(-0.62955), array(-0.6418), array(-0.61505)]","[1, 0, 0, 1, 0]",2.5,"[1.0, 0, 0, 1.0, 0]",2.5,[2.7180515  1.14873909],0.2613
9,vanilla,True,False,1,False,5,>>graph6<<DkO,9.6871976852417,52,"[array(-0.5805), array(0.02235), array(-0.58385), array(-0.02695), array(-0.40565), array(-0.555), array(-0.5233), array(-0.63765), array(-0.60835), array(-0.65905), array(-0.618), array(-0.6587), array(-0.649), array(-0.64655), array(-0.654), array(-0.6465), array(-0.64915), array(-0.65025), array(-0.65605), array(-0.65695), array(-0.6535), array(-0.6619), array(-0.6415), array(-0.6467), array(-0.6389), array(-0.65145), array(-0.6425), array(-0.6557), array(-0.6448), array(-0.647), array(-0.6524), array(-0.65605), array(-0.64875), array(-0.64735), array(-0.64355), array(-0.63535), array(-0.63615), array(-0.6687), array(-0.6555), array(-0.63635), array(-0.6558), array(-0.6445), array(-0.6488), array(-0.65645), array(-0.6578), array(-0.6367), array(-0.63285), array(-0.65245), array(-0.64665), array(-0.6598), array(-0.64925), array(-0.64555)]","[1, 0, 0, 1, 0]",2.5,"[1.0, 0, 0, 1.0, 0]",2.5,[0.7632559  3.19747581],0.3097
10,vanilla,False,False,1,False,5,>>graph6<<Dm{,11.938757181167603,67,"[array(-0.2047), array(0.12755), array(0.0467), array(0.93305), array(-0.1014), array(0.00505), array(-0.162), array(-0.28385), array(-0.2785), array(-0.32895), array(-0.367), array(-0.3609), array(-0.4092), array(-0.401), array(-0.42115), array(-0.3535), array(-0.50055), array(-0.5351), array(-0.56905), array(-0.6113), array(-0.62995), array(-0.63905), array(-0.6902), array(-0.7362), array(-0.74235), array(-0.7216), array(-0.70235), array(-0.73295), array(-0.72885), array(-0.73605), array(-0.72975), array(-0.7359), array(-0.7286), array(-0.7358), array(-0.7349), array(-0.75175), array(-0.7457), array(-0.74895), array(-0.7456), array(-0.75915), array(-0.75395), array(-0.7275), array(-0.72455), array(-0.7376), array(-0.74785), array(-0.7412), array(-0.7258), array(-0.73035), array(-0.72615), array(-0.75345), array(-0.749), array(-0.74995), array(-0.7453), array(-0.7228), array(-0.7571), array(-0.73095), array(-0.72775), array(-0.7463), array(-0.76745), array(-0.7464), array(-0.72945), array(-0.7237), array(-0.7432), array(-0.7305), array(-0.7428), array(-0.75895), array(-0.7456)]","[0, 1, 1, 1, 0]",3.75,"[1.0, 0, 0, 0, 1.0]",3.75,[1.23436745 1.28770081],0.2994
11,vanilla,True,False,1,False,5,>>graph6<<Dm{,10.154018640518188,49,"[array(-0.16515), array(-1.1729), array(-0.2982), array(-0.41465), array(-1.10785), array(-1.11745), array(-1.0428), array(-1.2418), array(-1.267), array(-1.2619), array(-1.22235), array(-1.27205), array(-1.2411), array(-1.2636), array(-1.25535), array(-1.2601), array(-1.2563), array(-1.2555), array(-1.26095), array(-1.26245), array(-1.25295), array(-1.2532), array(-1.264), array(-1.2569), array(-1.2784), array(-1.24845), array(-1.2583), array(-1.2692), array(-1.2509), array(-1.26255), array(-1.2654), array(-1.2643), array(-1.25865), array(-1.2576), array(-1.2588), array(-1.2618), array(-1.2575), array(-1.2588), array(-1.26435), array(-1.26155), array(-1.2638), array(-1.25595), array(-1.25235), array(-1.25705), array(-1.2749), array(-1.2639), array(-1.2538), array(-1.25845), array(-1.2589)]","[0, 1, 1, 1, 0]",3.75,"[1.0, 0, 0, 0, 1.0]",3.75,[3.37720558 0.30504474],0.7849999999999999
12,vanilla,False,False,1,False,5,>>graph6<<DkO,10.305617570877075,51,"[array(-0.0095), array(-0.4273), array(-0.3519), array(0.57705), array(-0.1752), array(0.07365), array(-0.46895), array(-0.5909), array(-0.54035), array(-0.5836), array(-0.5353), array(-0.57845), array(-0.58615), array(-0.59465), array(-0.59215), array(-0.58645), array(-0.59355), array(-0.5869), array(-0.5864), array(-0.5877), array(-0.5949), array(-0.57825), array(-0.57035), array(-0.59195), array(-0.58715), array(-0.5867), array(-0.5787), array(-0.57975), array(-0.5761), array(-0.58755), array(-0.58695), array(-0.5942), array(-0.5806), array(-0.5953), array(-0.5928), array(-0.59345), array(-0.5955), array(-0.5755), array(-0.5798), array(-0.5726), array(-0.5968), array(-0.5889), array(-0.57315), array(-0.57215), array(-0.5921), array(-0.58425), array(-0.5958), array(-0.5913), array(-0.5961), array(-0.5671), array(-0.59235)]","[1, 0, 0, 1, 0]",2.5,"[1.0, 0, 0, 1.0, 0]",2.5,[4.29035555 2.75890724],0.24230000000000002
13,vanilla,False,False,1,False,5,>>graph6<<Dm{,13.967477798461914,55,"[array(1.21945), array(-0.11655), array(-0.0404), array(-0.2417), array(-0.6151), array(-0.30055), array(1.0158), array(-0.75695), array(-0.31385), array(-0.5827), array(-0.61085), array(-0.68675), array(-0.80945), array(-0.8169), array(-0.77135), array(-0.79885), array(-0.8004), array(-0.81365), array(-0.8209), array(-0.82375), array(-0.80675), array(-0.808), array(-0.821), array(-0.82175), array(-0.8138), array(-0.7989), array(-0.82295), array(-0.82395), array(-0.81375), array(-0.7931), array(-0.81815), array(-0.78325), array(-0.8061), array(-0.80515), array(-0.83475), array(-0.80335), array(-0.8166), array(-0.80155), array(-0.8197), array(-0.80595), array(-0.8196), array(-0.81565), array(-0.81745), array(-0.81605), array(-0.79775), array(-0.8249), array(-0.81555), array(-0.80315), array(-0.7971), array(-0.81695), array(-0.79435), array(-0.80205), array(-0.8071), array(-0.8171), array(-0.8239)]","[0, 1, 1, 1, 0]",3.75,"[1.0, 0, 0, 0, 1.0]",3.75,[5.95565386 0.95152488],0.2705
14,vanilla,True,False,1,False,5,>>graph6<<DkO,12.896711111068726,51,"[array(-0.09035), array(0.18105), array(-0.2208), array(-0.3872), array(-0.1446), array(-0.49495), array(-0.14085), array(-0.65585), array(-0.55825), array(-0.59125), array(-0.6345), array(-0.6389), array(-0.65675), array(-0.65475), array(-0.6535), array(-0.65665), array(-0.63745), array(-0.65), array(-0.6631), array(-0.64965), array(-0.66415), array(-0.6458), array(-0.65395), array(-0.65695), array(-0.6574), array(-0.63315), array(-0.65445), array(-0.65345), array(-0.64565), array(-0.64475), array(-0.65215), array(-0.6359), array(-0.64985), array(-0.6557), array(-0.662), array(-0.65255), array(-0.6607), array(-0.63975), array(-0.65175), array(-0.65845), array(-0.644), array(-0.6502), array(-0.65395), array(-0.64245), array(-0.6425), array(-0.6493), array(-0.64875), array(-0.6509), array(-0.6591), array(-0.65025), array(-0.6555)]","[1, 0, 0, 1, 0]",2.5,"[1.0, 0, 0, 1.0, 0]",2.5,[0.84503217 3.13761906],0.3143
15,vanilla,True,False,1,False,5,>>graph6<<Dm{,15.347429990768433,51,"[array(0.84835), array(-0.2482), array(-0.24825), array(-0.58435), array(0.56995), array(0.0213), array(-0.5261), array(-0.7513), array(-0.44145), array(-0.6138), array(-0.8127), array(-0.84055), array(-0.78375), array(-0.89025), array(-0.87915), array(-0.8727), array(-0.85705), array(-0.86185), array(-0.87075), array(-0.87855), array(-0.86965), array(-0.85355), array(-0.8795), array(-0.8722), array(-0.8786), array(-0.86365), array(-0.85695), array(-0.8562), array(-0.86065), array(-0.8599), array(-0.8737), array(-0.87215), array(-0.86255), array(-0.8551), array(-0.869), array(-0.8755), array(-0.87155), array(-0.8794), array(-0.86915), array(-0.8634), array(-0.86685), array(-0.87995), array(-0.8716), array(-0.83855), array(-0.8817), array(-0.86035), array(-0.8653), array(-0.85035), array(-0.8711), array(-0.86515), array(-0.87505)]","[1, 0, 0, 0, 1]",3.75,"[1.0, 0, 0, 0, 1.0]",3.75,[6.99509223 1.38521562],0.4429
16,vanilla,False,False,1,False,5,>>graph6<<DkO,14.842217445373535,52,"[array(0.4358), array(-0.1713), array(-0.2416), array(-0.2539), array(-0.30405), array(-0.33555), array(-0.5283), array(0.0813), array(0.17245), array(-0.4303), array(-0.53045), array(-0.4881), array(-0.5819), array(-0.49755), array(-0.5696), array(-0.6031), array(-0.58905), array(-0.5781), array(-0.58035), array(-0.59555), array(-0.5734), array(-0.5766), array(-0.5876), array(-0.58655), array(-0.5906), array(-0.58635), array(-0.5876), array(-0.56225), array(-0.57345), array(-0.59855), array(-0.56735), array(-0.57045), array(-0.5926), array(-0.58855), array(-0.5888), array(-0.58285), array(-0.58605), array(-0.5775), array(-0.5918), array(-0.57585), array(-0.5881), array(-0.58595), array(-0.58815), array(-0.573), array(-0.589), array(-0.58915), array(-0.58555), array(-0.59575), array(-0.5976), array(-0.57855), array(-0.59475), array(-0.57795)]","[0, 1, 1, 0, 1]",2.5,"[1.0, 0, 0, 1.0, 0]",2.5,[2.76251168 2.9748596 ],0.2117
17,vanilla,False,False,1,False,5,>>graph6<<Dm{,15.17983889579773,53,"[array(-0.0978), array(0.27705), array(-0.1428), array(-0.00275), array(0.0509), array(-0.29395), array(-0.36215), array(-0.24635), array(-0.4122), array(-0.43405), array(-0.4013), array(-0.43275), array(-0.42475), array(-0.44645), array(-0.4329), array(-0.4196), array(-0.4277), array(-0.4127), array(-0.41605), array(-0.41825), array(-0.44465), array(-0.4204), array(-0.4151), array(-0.41355), array(-0.43815), array(-0.40385), array(-0.4212), array(-0.42675), array(-0.42475), array(-0.42345), array(-0.4014), array(-0.4089), array(-0.43805), array(-0.43095), array(-0.45135), array(-0.4372), array(-0.42035), array(-0.41985), array(-0.43485), array(-0.40355), array(-0.44235), array(-0.43695), array(-0.38265), array(-0.43865), array(-0.4131), array(-0.4194), array(-0.40685), array(-0.40965), array(-0.4157), array(-0.4369), array(-0.40835), array(-0.41015), array(-0.39115)]","[0, 1, 1, 1, 0]",3.75,"[1.0, 0, 0, 0, 1.0]",3.75,[0.56361271 3.64637468],0.3739
18,vanilla,True,False,1,False,5,>>graph6<<DkO,14.794617652893066,50,"[array(-0.6996), array(0.33425), array(-0.3922), array(-0.9992), array(-1.0253), array(-0.69135), array(-0.6928), array(-0.91595), array(-0.98885), array(-0.9917), array(-0.99615), array(-1.0176), array(-1.01645), array(-1.01115), array(-1.02075), array(-1.01195), array(-1.0139), array(-1.0217), array(-1.0208), array(-1.0116), array(-1.0248), array(-1.02165), array(-1.0289), array(-1.02425), array(-1.01425), array(-1.0221), array(-1.0067), array(-1.00975), array(-1.01685), array(-1.0182), array(-1.0257), array(-1.0171), array(-1.02135), array(-1.0091), array(-1.02355), array(-1.01565), array(-1.01855), array(-1.01765), array(-1.01245), array(-1.02065), array(-1.015), array(-1.0186), array(-1.01805), array(-1.0246), array(-1.0214), array(-1.0174), array(-1.02855), array(-1.01995), array(-1.0228), array(-1.02605)]","[0, 1, 1, 0, 1]",2.5,"[1.0, 0, 0, 1.0, 0]",2.5,[ 2.63942708 -0.51774475],0.7489
19,vanilla,False,False,1,False,5,>>graph6<<DkO,10.750032663345337,46,"[array(0.3554), array(-0.43555), array(-0.5939), array(0.32525), array(0.097), array(-0.22205), array(-0.63805), array(-0.5982), array(-0.52055), array(-0.6217), array(-0.5962), array(-0.63635), array(-0.6174), array(-0.6229), array(-0.63915), array(-0.6184), array(-0.6237), array(-0.6228), array(-0.6269), array(-0.61845), array(-0.61225), array(-0.61055), array(-0.62595), array(-0.63745), array(-0.63465), array(-0.627), array(-0.60605), array(-0.6319), array(-0.62045), array(-0.62905), array(-0.62905), array(-0.6186), array(-0.6167), array(-0.6211), array(-0.6252), array(-0.6332), array(-0.62035), array(-0.625), array(-0.6157), array(-0.61805), array(-0.6301), array(-0.6179), array(-0.61555), array(-0.6316), array(-0.61795), array(-0.63105)]","[0, 1, 1, 0, 1]",2.5,"[1.0, 0, 0, 1.0, 0]",2.5,[5.94305221 1.30449301],0.2435
20,vanilla,True,False,1,False,5,>>graph6<<Dm{,14.48607611656189,51,"[array(0.0776), array(-0.9055), array(-0.00185), array(-0.75195), array(-1.25075), array(-0.89095), array(-1.0946), array(-1.13765), array(-1.2439), array(-1.2596), array(-1.2391), array(-1.26045), array(-1.2623), array(-1.2683), array(-1.27775), array(-1.2724), array(-1.2613), array(-1.25945), array(-1.25845), array(-1.2709), array(-1.26965), array(-1.26145), array(-1.27795), array(-1.2626), array(-1.2708), array(-1.26965), array(-1.28855), array(-1.25315), array(-1.27945), array(-1.28195), array(-1.2709), array(-1.2795), array(-1.26885), array(-1.259), array(-1.26635), array(-1.26225), array(-1.2728), array(-1.2764), array(-1.267), array(-1.2696), array(-1.2747), array(-1.27305), array(-1.2595), array(-1.2706), array(-1.2767), array(-1.2539), array(-1.26045), array(-1.2695), array(-1.27005), array(-1.2743), array(-1.2774)]","[0, 1, 1, 1, 0]",3.75,"[1.0, 0, 0, 0, 1.0]",3.75,[3.53106589 0.40948177],0.7757000000000001
21,vanilla,False,False,1,False,5,>>graph6<<Dm{,23.82292413711548,48,"[array(0.11865), array(-0.1257), array(-0.777), array(0.13435), array(0.4327), array(-0.3063), array(-0.5292), array(-0.75975), array(-0.77935), array(-0.7289), array(-0.8329), array(-0.7752), array(-0.8206), array(-0.7912), array(-0.7968), array(-0.81195), array(-0.799), array(-0.8246), array(-0.81895), array(-0.8111), array(-0.80975), array(-0.8096), array(-0.818), array(-0.8078), array(-0.8133), array(-0.81015), array(-0.8107), array(-0.80745), array(-0.80285), array(-0.807), array(-0.81305), array(-0.81135), array(-0.8027), array(-0.7932), array(-0.8144), array(-0.80305), array(-0.80215), array(-0.8082), array(-0.79845), array(-0.82365), array(-0.80695), array(-0.811), array(-0.81435), array(-0.79865), array(-0.79165), array(-0.8294), array(-0.8234), array(-0.8131)]","[0, 1, 1, 1, 0]",3.75,"[1.0, 0, 0, 0, 1.0]",3.75,[1.24197926 1.00380958],0.2885
22,vanilla,True,False,1,False,5,>>graph6<<DkO,12.717580795288086,48,"[array(-0.4545), array(0.22045), array(-0.5601), array(-0.27155), array(-0.24775), array(-0.6487), array(-0.63785), array(-0.60095), array(-0.61685), array(-0.6427), array(-0.64495), array(-0.63735), array(-0.6398), array(-0.64895), array(-0.6583), array(-0.63975), array(-0.63195), array(-0.638), array(-0.6446), array(-0.64065), array(-0.64), array(-0.6377), array(-0.63565), array(-0.6465), array(-0.6255), array(-0.64025), array(-0.63395), array(-0.6361), array(-0.6195), array(-0.6512), array(-0.63825), array(-0.6364), array(-0.6477), array(-0.64115), array(-0.63155), array(-0.6466), array(-0.62705), array(-0.62515), array(-0.6465), array(-0.63555), array(-0.63345), array(-0.6361), array(-0.653), array(-0.64415), array(-0.63735), array(-0.64245), array(-0.64445), array(-0.64395)]","[1, 0, 0, 1, 0]",2.5,"[1.0, 0, 0, 1.0, 0]",2.5,[0.86451809 3.25477116],0.2953
23,vanilla,True,False,1,False,5,>>graph6<<Dm{,13.708955526351929,53,"[array(-0.35575), array(-0.0124), array(-0.03015), array(-0.1665), array(-0.44465), array(-0.7124), array(-0.922), array(-0.74605), array(-0.60635), array(-0.7869), array(-0.90455), array(-0.9276), array(-0.9183), array(-0.90485), array(-0.9197), array(-0.91605), array(-0.9055), array(-0.9161), array(-0.9191), array(-0.9201), array(-0.8921), array(-0.9211), array(-0.92315), array(-0.91555), array(-0.90455), array(-0.903), array(-0.91385), array(-0.91205), array(-0.91585), array(-0.92035), array(-0.91535), array(-0.92865), array(-0.92175), array(-0.92015), array(-0.9101), array(-0.923), array(-0.9055), array(-0.91785), array(-0.921), array(-0.918), array(-0.9161), array(-0.92065), array(-0.9286), array(-0.91935), array(-0.9137), array(-0.9205), array(-0.92475), array(-0.93065), array(-0.9274), array(-0.91705), array(-0.9135), array(-0.90345), array(-0.9094)]","[1, 0, 0, 0, 1]",3.75,"[1.0, 0, 0, 0, 1.0]",3.75,[0.68397923 0.95346991],0.3942
24,vanilla,False,False,1,False,5,>>graph6<<DkO,12.144129514694214,55,"[array(0.04425), array(0.19275), array(0.06145), array(-0.17385), array(0.14875), array(-0.02905), array(-0.01825), array(-0.16855), array(-0.24185), array(-0.32615), array(-0.40065), array(-0.4653), array(-0.4806), array(-0.57875), array(-0.5644), array(-0.5833), array(-0.6001), array(-0.61845), array(-0.6403), array(-0.6158), array(-0.6186), array(-0.6257), array(-0.61005), array(-0.63055), array(-0.63895), array(-0.6008), array(-0.6084), array(-0.6146), array(-0.62105), array(-0.61255), array(-0.6247), array(-0.62095), array(-0.6177), array(-0.61825), array(-0.6363), array(-0.62605), array(-0.60705), array(-0.63265), array(-0.61865), array(-0.6125), array(-0.6301), array(-0.6116), array(-0.60945), array(-0.6146), array(-0.6117), array(-0.62495), array(-0.6222), array(-0.622), array(-0.617), array(-0.62515), array(-0.61535), array(-0.62305), array(-0.6362), array(-0.615), array(-0.60765)]","[0, 1, 1, 0, 1]",2.5,"[1.0, 0, 0, 1.0, 0]",2.5,[2.73555132 1.07209256],0.2439
25,vanilla,False,False,1,False,5,>>graph6<<Dm{,10.613191604614258,47,"[array(-0.1905), array(1.2588), array(-0.07865), array(-0.14485), array(1.28965), array(-0.7968), array(-0.43325), array(-0.79765), array(-0.4332), array(-0.5998), array(-0.78895), array(-0.7787), array(-0.8014), array(-0.8), array(-0.77275), array(-0.79815), array(-0.80535), array(-0.79385), array(-0.78695), array(-0.7966), array(-0.7743), array(-0.7924), array(-0.7934), array(-0.78785), array(-0.7799), array(-0.7875), array(-0.79735), array(-0.763), array(-0.7932), array(-0.7889), array(-0.7883), array(-0.79735), array(-0.7983), array(-0.78625), array(-0.79385), array(-0.7846), array(-0.78455), array(-0.76915), array(-0.7951), array(-0.7767), array(-0.7848), array(-0.8014), array(-0.7901), array(-0.79025), array(-0.78345), array(-0.77825), array(-0.7831)]","[0, 1, 1, 1, 0]",3.75,"[1.0, 0, 0, 0, 1.0]",3.75,[1.19518068 0.84736658],0.27090000000000003
26,vanilla,True,False,1,False,5,>>graph6<<DkO,10.968835830688477,56,"[array(-0.22255), array(0.3775), array(-0.0744), array(-0.3197), array(-0.64785), array(-0.9989), array(-0.37575), array(-0.58205), array(-0.5251), array(-0.9672), array(-1.02875), array(-0.9726), array(-0.97445), array(-1.0058), array(-1.0186), array(-1.0104), array(-1.0068), array(-1.02905), array(-1.0097), array(-1.0315), array(-1.02625), array(-1.02365), array(-1.02415), array(-1.01975), array(-1.02205), array(-1.0196), array(-1.0264), array(-1.03345), array(-1.01985), array(-1.0306), array(-1.02425), array(-1.03625), array(-1.02845), array(-1.02975), array(-1.0216), array(-1.0354), array(-1.0149), array(-1.035), array(-1.03155), array(-1.0255), array(-1.02475), array(-1.03145), array(-1.03125), array(-1.02325), array(-1.03755), array(-1.03675), array(-1.02775), array(-1.02805), array(-1.0311), array(-1.0314), array(-1.03165), array(-1.03105), array(-1.0321), array(-1.0155), array(-1.02455), array(-1.0323)]","[0, 1, 1, 0, 1]",2.5,"[1.0, 0, 0, 1.0, 0]",2.5,[ 2.70701994 -0.46166574],0.7569
27,vanilla,True,False,1,False,5,>>graph6<<Dm{,11.18187427520752,54,"[array(0.08255), array(0.20115), array(0.00685), array(-0.301), array(-0.20545), array(-0.15655), array(-0.4341), array(-0.4877), array(-0.63995), array(-0.80075), array(-0.8779), array(-0.86215), array(-0.8484), array(-0.8315), array(-0.8794), array(-0.90455), array(-0.9079), array(-0.9371), array(-0.9083), array(-0.9249), array(-0.9176), array(-0.9308), array(-0.9291), array(-0.92205), array(-0.92665), array(-0.90795), array(-0.9227), array(-0.90945), array(-0.9156), array(-0.91405), array(-0.9118), array(-0.91215), array(-0.9198), array(-0.92375), array(-0.89075), array(-0.92495), array(-0.92065), array(-0.90945), array(-0.913), array(-0.91245), array(-0.9124), array(-0.91655), array(-0.9294), array(-0.91585), array(-0.90585), array(-0.9283), array(-0.91945), array(-0.91485), array(-0.929), array(-0.91685), array(-0.9161), array(-0.9218), array(-0.93005), array(-0.90665)]","[1, 0, 0, 0, 1]",3.75,"[1.0, 0, 0, 0, 1.0]",3.75,[0.65873829 1.20142771],0.4355
28,vanilla,False,False,1,False,5,>>graph6<<DkO,8.750551700592041,50,"[array(0.60315), array(-0.46), array(-0.19305), array(0.07985), array(0.5027), array(-0.5625), array(-0.5142), array(-0.2975), array(-0.4621), array(-0.5561), array(-0.59345), array(-0.58535), array(-0.6004), array(-0.57235), array(-0.5968), array(-0.5899), array(-0.58455), array(-0.59385), array(-0.57885), array(-0.5931), array(-0.6068), array(-0.59155), array(-0.5892), array(-0.5754), array(-0.5983), array(-0.57865), array(-0.59385), array(-0.5834), array(-0.5887), array(-0.59055), array(-0.5944), array(-0.59515), array(-0.5889), array(-0.57655), array(-0.5722), array(-0.5998), array(-0.57315), array(-0.5859), array(-0.5973), array(-0.58835), array(-0.5839), array(-0.5942), array(-0.60175), array(-0.6091), array(-0.5892), array(-0.60445), array(-0.57465), array(-0.58395), array(-0.5959), array(-0.587)]","[0, 1, 1, 0, 1]",2.5,"[1.0, 0, 0, 1.0, 0]",2.5,[5.90972541 2.82620693],0.2232
29,vanilla,False,False,1,False,5,>>graph6<<Dm{,10.859132528305054,48,"[array(1.07055), array(-0.7572), array(-0.221), array(0.83615), array(0.8272), array(-0.4941), array(-0.64725), array(-0.53095), array(-0.7422), array(-0.7682), array(-0.7859), array(-0.77365), array(-0.74985), array(-0.77905), array(-0.7812), array(-0.76715), array(-0.78135), array(-0.77125), array(-0.7688), array(-0.78265), array(-0.7949), array(-0.7725), array(-0.79095), array(-0.7716), array(-0.7843), array(-0.7891), array(-0.7937), array(-0.78595), array(-0.78165), array(-0.77835), array(-0.77725), array(-0.7667), array(-0.7735), array(-0.7699), array(-0.78595), array(-0.7801), array(-0.781), array(-0.791), array(-0.7897), array(-0.7691), array(-0.7722), array(-0.7856), array(-0.7619), array(-0.7698), array(-0.7936), array(-0.75445), array(-0.79095), array(-0.77285)]","[1, 0, 0, 0, 1]",3.75,"[1.0, 0, 0, 0, 1.0]",3.75,[5.92725606 1.15103184],0.29400000000000004
30,vanilla,True,False,1,False,5,>>graph6<<DkO,11.073301315307617,49,"[array(0.00315), array(0.45395), array(-0.0869), array(-0.1336), array(-0.1802), array(-0.33245), array(0.2675), array(-0.26415), array(-0.3918), array(-0.39225), array(-0.3767), array(-0.3447), array(-0.38835), array(-0.3862), array(-0.3705), array(-0.3642), array(-0.37065), array(-0.37965), array(-0.37235), array(-0.3784), array(-0.3712), array(-0.3823), array(-0.36565), array(-0.3793), array(-0.39485), array(-0.38255), array(-0.36775), array(-0.385), array(-0.37775), array(-0.3864), array(-0.36655), array(-0.38085), array(-0.38315), array(-0.3725), array(-0.38365), array(-0.37335), array(-0.38245), array(-0.38205), array(-0.3841), array(-0.3816), array(-0.3838), array(-0.3819), array(-0.3815), array(-0.3703), array(-0.37975), array(-0.36755), array(-0.38165), array(-0.37705), array(-0.38805)]","[1, 0, 0, 0, 0]",2.25,"[1.0, 0, 0, 1.0, 0]",2.5,[2.67727166 5.16893632],0.0875
31,vanilla,True,False,1,False,5,>>graph6<<Dm{,12.220797061920166,56,"[array(-0.21545), array(-0.1924), array(-0.2094), array(-0.0533), array(-0.14895), array(-0.2167), array(-0.1678), array(-0.2838), array(-0.35665), array(-0.42935), array(-0.45895), array(-0.7135), array(-0.8169), array(-0.8925), array(-0.7012), array(-0.91775), array(-0.9411), array(-0.92555), array(-0.9259), array(-0.91895), array(-0.9195), array(-0.92235), array(-0.92495), array(-0.93895), array(-0.92675), array(-0.9102), array(-0.91255), array(-0.92865), array(-0.94125), array(-0.9205), array(-0.9171), array(-0.92035), array(-0.9123), array(-0.92), array(-0.9228), array(-0.92), array(-0.92445), array(-0.913), array(-0.93635), array(-0.9197), array(-0.91325), array(-0.92615), array(-0.9227), array(-0.93785), array(-0.92705), array(-0.9343), array(-0.9252), array(-0.92195), array(-0.9329), array(-0.9217), array(-0.9194), array(-0.9223), array(-0.9159), array(-0.9309), array(-0.92215), array(-0.9299)]","[1, 0, 0, 0, 1]",3.75,"[1.0, 0, 0, 0, 1.0]",3.75,[0.68645075 1.10327403],0.42600000000000005
32,vanilla,False,False,1,False,5,>>graph6<<DkO,9.915060043334961,55,"[array(-0.0236), array(0.16445), array(-0.07135), array(-0.3701), array(0.60795), array(0.4012), array(-0.13895), array(-0.6233), array(-0.3136), array(-0.5964), array(-0.3022), array(-0.51915), array(-0.622), array(-0.6205), array(-0.6351), array(-0.6098), array(-0.62875), array(-0.62825), array(-0.61405), array(-0.62335), array(-0.63385), array(-0.62525), array(-0.62855), array(-0.61495), array(-0.6214), array(-0.62205), array(-0.61645), array(-0.636), array(-0.61155), array(-0.6226), array(-0.6183), array(-0.6187), array(-0.62235), array(-0.62425), array(-0.6163), array(-0.6356), array(-0.6206), array(-0.61255), array(-0.62765), array(-0.61835), array(-0.61915), array(-0.62515), array(-0.6298), array(-0.61765), array(-0.63545), array(-0.62535), array(-0.60785), array(-0.61785), array(-0.63225), array(-0.62585), array(-0.6137), array(-0.62105), array(-0.6423), array(-0.6105), array(-0.62765)]","[1, 0, 0, 1, 0]",2.5,"[1.0, 0, 0, 1.0, 0]",2.5,[-0.42500144  1.46133444],0.289
33,vanilla,False,False,1,False,5,>>graph6<<Dm{,7.945500612258911,48,"[array(0.71485), array(-0.7663), array(-0.26855), array(1.0447), array(0.32695), array(-0.11435), array(-0.7017), array(-0.78965), array(-0.754), array(-0.7233), array(-0.81175), array(-0.8025), array(-0.79325), array(-0.79035), array(-0.80775), array(-0.78645), array(-0.7927), array(-0.7849), array(-0.8168), array(-0.79765), array(-0.806), array(-0.7889), array(-0.7915), array(-0.79925), array(-0.7876), array(-0.7871), array(-0.79875), array(-0.81015), array(-0.79655), array(-0.79695), array(-0.78875), array(-0.79875), array(-0.79925), array(-0.79365), array(-0.8215), array(-0.80465), array(-0.78225), array(-0.79825), array(-0.7868), array(-0.8096), array(-0.80495), array(-0.8042), array(-0.7958), array(-0.79385), array(-0.7992), array(-0.79765), array(-0.78855), array(-0.80085)]","[0, 1, 1, 1, 0]",3.75,"[1.0, 0, 0, 0, 1.0]",3.75,[1.26678744 1.04596665],0.2697
34,vanilla,True,False,1,False,5,>>graph6<<DkO,9.397035360336304,48,"[array(-1.00345), array(-0.5785), array(-0.298), array(-1.00735), array(-0.7794), array(-0.601), array(-0.85375), array(-0.9774), array(-0.98595), array(-1.0107), array(-1.03215), array(-1.02345), array(-1.0145), array(-1.02605), array(-1.0142), array(-1.02475), array(-1.0111), array(-1.02795), array(-1.0138), array(-1.01725), array(-1.03635), array(-1.01605), array(-1.02315), array(-1.01345), array(-1.0322), array(-1.02095), array(-1.01965), array(-1.0174), array(-1.0328), array(-1.01625), array(-1.0284), array(-1.02495), array(-1.01145), array(-1.0287), array(-1.0229), array(-1.0351), array(-1.0307), array(-1.0211), array(-1.01985), array(-1.02205), array(-1.02225), array(-1.0109), array(-1.01835), array(-1.02685), array(-1.0169), array(-1.00435), array(-1.02575), array(-1.0285)]","[0, 1, 1, 0, 1]",2.5,"[1.0, 0, 0, 1.0, 0]",2.5,[ 2.65485498 -0.45305575],0.7483
35,vanilla,True,False,1,False,5,>>graph6<<Dm{,10.555013656616211,54,"[array(-0.13745), array(-1.00375), array(0.0648), array(-0.5629), array(-1.18895), array(-0.9699), array(-1.06465), array(-1.15035), array(-1.13485), array(-1.2368), array(-1.2393), array(-1.20645), array(-1.2347), array(-1.22095), array(-1.2169), array(-1.2397), array(-1.23285), array(-1.23245), array(-1.2256), array(-1.23715), array(-1.25305), array(-1.2335), array(-1.2355), array(-1.2273), array(-1.2422), array(-1.22965), array(-1.22065), array(-1.23995), array(-1.2379), array(-1.233), array(-1.23965), array(-1.23745), array(-1.23), array(-1.22455), array(-1.226), array(-1.2319), array(-1.22735), array(-1.2383), array(-1.23695), array(-1.2367), array(-1.23255), array(-1.2412), array(-1.2248), array(-1.2253), array(-1.25285), array(-1.2308), array(-1.2313), array(-1.22815), array(-1.2215), array(-1.23655), array(-1.22495), array(-1.23395), array(-1.22175), array(-1.23135)]","[0, 1, 1, 1, 0]",3.75,"[1.0, 0, 0, 0, 1.0]",3.75,[3.08642165 0.03840237],0.7897
36,vanilla,False,False,1,False,5,>>graph6<<DkO,8.431219577789307,51,"[array(-0.1702), array(0.5631), array(-0.1998), array(-0.29465), array(0.5578), array(-0.366), array(-0.57445), array(-0.45165), array(-0.4993), array(-0.46705), array(-0.5572), array(-0.57435), array(-0.5535), array(-0.5762), array(-0.57525), array(-0.55985), array(-0.5673), array(-0.5576), array(-0.55045), array(-0.5674), array(-0.56315), array(-0.56965), array(-0.5676), array(-0.57095), array(-0.5492), array(-0.55445), array(-0.5558), array(-0.56175), array(-0.5761), array(-0.5879), array(-0.56925), array(-0.5698), array(-0.5493), array(-0.56025), array(-0.5605), array(-0.5559), array(-0.54905), array(-0.5642), array(-0.57815), array(-0.5723), array(-0.57345), array(-0.5611), array(-0.58135), array(-0.5781), array(-0.54675), array(-0.57315), array(-0.5678), array(-0.56415), array(-0.56485), array(-0.5642), array(-0.5739)]","[1, 0, 0, 1, 0]",2.5,"[1.0, 0, 0, 1.0, 0]",2.5,[4.39025229 1.83108843],0.23620000000000002
37,vanilla,False,False,1,False,5,>>graph6<<Dm{,8.077014446258545,52,"[array(-0.08965), array(0.0105), array(-0.2437), array(-0.33605), array(-0.0683), array(0.1688), array(-0.39105), array(-0.37005), array(-0.31405), array(-0.35475), array(-0.40575), array(-0.3851), array(-0.3761), array(-0.41845), array(-0.3891), array(-0.386), array(-0.4136), array(-0.4107), array(-0.40745), array(-0.4242), array(-0.3992), array(-0.3886), array(-0.419), array(-0.3844), array(-0.3948), array(-0.4048), array(-0.40305), array(-0.39465), array(-0.3972), array(-0.38975), array(-0.38305), array(-0.3976), array(-0.40775), array(-0.41405), array(-0.40025), array(-0.40115), array(-0.3935), array(-0.4081), array(-0.40555), array(-0.41255), array(-0.39865), array(-0.40955), array(-0.4006), array(-0.37435), array(-0.3944), array(-0.41335), array(-0.4101), array(-0.38895), array(-0.4084), array(-0.4168), array(-0.3905), array(-0.4073)]","[0, 1, 1, 1, 0]",3.75,"[1.0, 0, 0, 0, 1.0]",3.75,[2.03082796 4.59798957],0.2152
38,vanilla,True,False,1,False,5,>>graph6<<DkO,10.234579801559448,57,"[array(0.24135), array(0.03955), array(0.07865), array(-0.4051), array(-0.0881), array(-0.0784), array(-0.62425), array(-0.64005), array(-0.6487), array(-0.62015), array(-0.61585), array(-0.63305), array(-0.65395), array(-0.65995), array(-0.66895), array(-0.6601), array(-0.6683), array(-0.675), array(-0.66555), array(-0.66185), array(-0.6867), array(-0.6751), array(-0.67795), array(-0.67025), array(-0.67195), array(-0.66735), array(-0.67475), array(-0.6797), array(-0.6739), array(-0.66425), array(-0.6743), array(-0.6809), array(-0.6744), array(-0.6703), array(-0.666), array(-0.6715), array(-0.68405), array(-0.66495), array(-0.67425), array(-0.67735), array(-0.66065), array(-0.66365), array(-0.68305), array(-0.6652), array(-0.68115), array(-0.67775), array(-0.65885), array(-0.6535), array(-0.6554), array(-0.66245), array(-0.65765), array(-0.68285), array(-0.66535), array(-0.67915), array(-0.669), array(-0.65665), array(-0.67755)]","[1, 0, 0, 1, 0]",2.5,"[1.0, 0, 0, 1.0, 0]",2.5,[6.9940347 1.2958335],0.3242
39,vanilla,False,False,1,False,5,>>graph6<<DkO,7.5064239501953125,49,"[array(-0.38735), array(0.5725), array(-0.3783), array(-0.0546), array(0.54135), array(-0.5674), array(-0.1901), array(-0.5607), array(-0.2099), array(-0.43775), array(-0.5557), array(-0.54545), array(-0.55175), array(-0.55795), array(-0.5558), array(-0.55435), array(-0.55945), array(-0.55655), array(-0.5593), array(-0.5543), array(-0.54645), array(-0.54575), array(-0.55105), array(-0.558), array(-0.55985), array(-0.5676), array(-0.56205), array(-0.55705), array(-0.5692), array(-0.56525), array(-0.5637), array(-0.545), array(-0.5593), array(-0.5604), array(-0.57395), array(-0.5617), array(-0.56085), array(-0.5618), array(-0.55875), array(-0.55005), array(-0.5552), array(-0.5466), array(-0.56165), array(-0.5742), array(-0.5578), array(-0.5649), array(-0.5526), array(-0.5438), array(-0.55835)]","[0, 1, 1, 0, 1]",2.5,"[1.0, 0, 0, 1.0, 0]",2.5,[5.93553262 2.27021274],0.2362
40,vanilla,True,False,1,False,5,>>graph6<<Dm{,11.079848527908325,52,"[array(-0.3392), array(-0.29565), array(-0.41145), array(-0.0909), array(-0.54195), array(-0.4918), array(-0.5213), array(-0.4763), array(-0.5653), array(-0.5083), array(-0.5621), array(-0.54535), array(-0.5835), array(-0.5871), array(-0.5702), array(-0.5491), array(-0.57615), array(-0.56105), array(-0.55765), array(-0.5732), array(-0.54395), array(-0.59565), array(-0.5767), array(-0.5694), array(-0.5626), array(-0.5892), array(-0.5909), array(-0.5682), array(-0.57615), array(-0.5642), array(-0.58895), array(-0.57825), array(-0.56285), array(-0.5776), array(-0.55595), array(-0.58485), array(-0.5863), array(-0.5577), array(-0.57845), array(-0.576), array(-0.58185), array(-0.59255), array(-0.56125), array(-0.59895), array(-0.5971), array(-0.56045), array(-0.5845), array(-0.5732), array(-0.56775), array(-0.60415), array(-0.60135), array(-0.57105)]","[1, 0, 0, 0, 1]",3.75,"[1.0, 0, 0, 0, 1.0]",3.75,[5.48523427 4.00093956],0.44780000000000003
41,vanilla,False,False,1,False,5,>>graph6<<Dm{,18.069323778152466,46,"[array(-0.0926), array(-0.2578), array(-0.45605), array(0.00285), array(0.02285), array(-0.34695), array(-0.48085), array(-0.3972), array(-0.43805), array(-0.4658), array(-0.44), array(-0.41755), array(-0.4557), array(-0.45735), array(-0.46385), array(-0.4673), array(-0.4379), array(-0.4359), array(-0.43855), array(-0.43105), array(-0.4466), array(-0.4263), array(-0.44505), array(-0.4392), array(-0.4487), array(-0.44285), array(-0.45215), array(-0.4491), array(-0.4903), array(-0.4334), array(-0.43335), array(-0.4653), array(-0.4449), array(-0.4259), array(-0.45645), array(-0.4519), array(-0.43885), array(-0.46135), array(-0.433), array(-0.46835), array(-0.4322), array(-0.46145), array(-0.4202), array(-0.4522), array(-0.44505), array(-0.4344)]","[0, 1, 1, 1, 0]",3.75,"[1.0, 0, 0, 0, 1.0]",3.75,[3.62708271 3.85130435],0.3987
42,vanilla,True,False,1,False,5,>>graph6<<DkO,27.57343864440918,49,"[array(0.1393), array(-0.63515), array(-0.5787), array(0.06725), array(-0.46225), array(-0.55905), array(-0.63845), array(-0.6169), array(-0.6365), array(-0.6755), array(-0.6618), array(-0.66765), array(-0.65615), array(-0.69135), array(-0.6541), array(-0.66375), array(-0.65935), array(-0.6769), array(-0.6717), array(-0.65355), array(-0.67335), array(-0.67935), array(-0.65265), array(-0.67265), array(-0.66335), array(-0.6719), array(-0.6609), array(-0.661), array(-0.69125), array(-0.6581), array(-0.6779), array(-0.66795), array(-0.67065), array(-0.67485), array(-0.6786), array(-0.66345), array(-0.65485), array(-0.67015), array(-0.65165), array(-0.65805), array(-0.6652), array(-0.65605), array(-0.66945), array(-0.65515), array(-0.66755), array(-0.67215), array(-0.67555), array(-0.6686), array(-0.6749)]","[1, 0, 0, 1, 0]",2.5,"[1.0, 0, 0, 1.0, 0]",2.5,[7.04684543 1.33177428],0.3326
43,vanilla,True,False,1,False,5,>>graph6<<Dm{,15.096603870391846,53,"[array(-0.1351), array(0.0861), array(-0.0381), array(-0.3076), array(0.29155), array(-0.17425), array(-0.43955), array(-0.55225), array(-0.8245), array(-0.8837), array(-0.3711), array(-0.65045), array(-0.7055), array(-0.89895), array(-0.9225), array(-0.94105), array(-0.91105), array(-0.8873), array(-0.9137), array(-0.90605), array(-0.90935), array(-0.8954), array(-0.90565), array(-0.9269), array(-0.89505), array(-0.90325), array(-0.9175), array(-0.92415), array(-0.9057), array(-0.9198), array(-0.90465), array(-0.9048), array(-0.9041), array(-0.89955), array(-0.90365), array(-0.88495), array(-0.90755), array(-0.8952), array(-0.92205), array(-0.90355), array(-0.9003), array(-0.90595), array(-0.89915), array(-0.89565), array(-0.91325), array(-0.90585), array(-0.89735), array(-0.914), array(-0.91265), array(-0.906), array(-0.91715), array(-0.9261), array(-0.8998)]","[1, 0, 0, 0, 1]",3.75,"[1.0, 0, 0, 0, 1.0]",3.75,[0.57346565 1.09572538],0.4031
44,vanilla,False,False,1,False,5,>>graph6<<DkO,11.443899869918823,51,"[array(0.5206), array(-0.5444), array(-0.5529), array(0.24425), array(0.04175), array(-0.1454), array(-0.56675), array(-0.4901), array(-0.40295), array(-0.5932), array(-0.58515), array(-0.57695), array(-0.5885), array(-0.5899), array(-0.56915), array(-0.5871), array(-0.58425), array(-0.59235), array(-0.5948), array(-0.5925), array(-0.586), array(-0.58765), array(-0.57405), array(-0.5864), array(-0.5855), array(-0.58285), array(-0.5768), array(-0.5924), array(-0.5785), array(-0.60315), array(-0.58215), array(-0.57885), array(-0.5759), array(-0.58605), array(-0.5818), array(-0.5849), array(-0.57725), array(-0.5901), array(-0.5851), array(-0.59155), array(-0.596), array(-0.5896), array(-0.58035), array(-0.5836), array(-0.56545), array(-0.5743), array(-0.6009), array(-0.5873), array(-0.58925), array(-0.5825), array(-0.59555)]","[0, 1, 1, 0, 1]",2.5,"[1.0, 0, 0, 1.0, 0]",2.5,[4.34449916 2.90447775],0.2112
45,vanilla,False,False,1,False,5,>>graph6<<Dm{,26.136855125427246,64,"[array(0.2011), array(-0.27315), array(-0.07365), array(0.9312), array(0.06045), array(0.02815), array(-0.16725), array(-0.3675), array(-0.35495), array(-0.2764), array(-0.3734), array(-0.3265), array(-0.4129), array(-0.4469), array(-0.48605), array(-0.48965), array(-0.52655), array(-0.5764), array(-0.57635), array(-0.5907), array(-0.60485), array(-0.59645), array(-0.55445), array(-0.61845), array(-0.61265), array(-0.57325), array(-0.61185), array(-0.6173), array(-0.6223), array(-0.57855), array(-0.5707), array(-0.6105), array(-0.58975), array(-0.6221), array(-0.58045), array(-0.58825), array(-0.59485), array(-0.58075), array(-0.60945), array(-0.5981), array(-0.6017), array(-0.58555), array(-0.60375), array(-0.62065), array(-0.5907), array(-0.60725), array(-0.6004), array(-0.5738), array(-0.60205), array(-0.57425), array(-0.6173), array(-0.5926), array(-0.6152), array(-0.59425), array(-0.5909), array(-0.5862), array(-0.6057), array(-0.5972), array(-0.60035), array(-0.60465), array(-0.60285), array(-0.59175), array(-0.59715), array(-0.61115)]","[0, 1, 1, 1, 0]",3.75,"[1.0, 0, 0, 0, 1.0]",3.75,[1.28911086 1.53850191],0.2619
46,vanilla,True,False,1,False,5,>>graph6<<DkO,11.803261041641235,53,"[array(-0.24275), array(-1.0082), array(-0.39695), array(-0.2932), array(-0.84305), array(-0.99665), array(-0.8618), array(-1.02265), array(-1.0001), array(-1.037), array(-1.01745), array(-1.0221), array(-1.0418), array(-1.0341), array(-1.0371), array(-1.03325), array(-1.0365), array(-1.0372), array(-1.03125), array(-1.03595), array(-1.0295), array(-1.0258), array(-1.03075), array(-1.0361), array(-1.03835), array(-1.0296), array(-1.0433), array(-1.042), array(-1.037), array(-1.03365), array(-1.0384), array(-1.02395), array(-1.02725), array(-1.0302), array(-1.0364), array(-1.04455), array(-1.04635), array(-1.03895), array(-1.02905), array(-1.0474), array(-1.04875), array(-1.05555), array(-1.0446), array(-1.04215), array(-1.0448), array(-1.02195), array(-1.04045), array(-1.0407), array(-1.03165), array(-1.04015), array(-1.03085), array(-1.0253), array(-1.0429)]","[0, 1, 1, 0, 1]",2.5,"[1.0, 0, 0, 1.0, 0]",2.5,[3.53680391 0.33680681],0.7625
47,vanilla,True,False,1,False,5,>>graph6<<Dm{,12.90286111831665,56,"[array(0.2869), array(0.14705), array(0.08505), array(0.0431), array(-0.07605), array(-0.1022), array(0.1472), array(-0.3076), array(-0.0794), array(-0.2254), array(-0.2759), array(-0.22215), array(-0.26415), array(-0.2907), array(-0.29025), array(-0.3068), array(-0.26295), array(-0.2824), array(-0.2738), array(-0.29895), array(-0.25475), array(-0.3089), array(-0.2854), array(-0.292), array(-0.3011), array(-0.29525), array(-0.32735), array(-0.29575), array(-0.2915), array(-0.2883), array(-0.28415), array(-0.28815), array(-0.2861), array(-0.27595), array(-0.27725), array(-0.2918), array(-0.29535), array(-0.26135), array(-0.2795), array(-0.3083), array(-0.29905), array(-0.30615), array(-0.2982), array(-0.30625), array(-0.289), array(-0.29455), array(-0.30385), array(-0.28865), array(-0.29285), array(-0.3047), array(-0.28625), array(-0.29415), array(-0.2799), array(-0.30075), array(-0.2772), array(-0.25065)]","[0, 1, 1, 1, 0]",3.75,"[1.0, 0, 0, 0, 1.0]",3.75,[3.19216285 5.51086852],0.2767
48,vanilla,False,False,1,False,5,>>graph6<<DkO,8.741667747497559,49,"[array(-0.34335), array(-0.1846), array(-0.3533), array(0.5878), array(0.57465), array(-0.59355), array(-0.2831), array(-0.5749), array(-0.30605), array(-0.4874), array(-0.5839), array(-0.5795), array(-0.5868), array(-0.60105), array(-0.57445), array(-0.57415), array(-0.60375), array(-0.5815), array(-0.5937), array(-0.58635), array(-0.5698), array(-0.5843), array(-0.58375), array(-0.59155), array(-0.5816), array(-0.5777), array(-0.58975), array(-0.59575), array(-0.58285), array(-0.57795), array(-0.58185), array(-0.59405), array(-0.57835), array(-0.5776), array(-0.5819), array(-0.5706), array(-0.5651), array(-0.5958), array(-0.5827), array(-0.57045), array(-0.5917), array(-0.5842), array(-0.5851), array(-0.5899), array(-0.5908), array(-0.59315), array(-0.57795), array(-0.58785), array(-0.5791)]","[0, 1, 1, 0, 1]",2.5,"[1.0, 0, 0, 1.0, 0]",2.5,[5.89870889 2.64912344],0.2356
49,vanilla,False,False,1,False,5,>>graph6<<Dm{,9.750131368637085,51,"[array(0.2079), array(0.06415), array(-0.04475), array(-0.21535), array(-0.0736), array(0.1622), array(-0.37175), array(-0.2596), array(-0.30585), array(-0.4555), array(-0.4486), array(-0.44425), array(-0.45525), array(-0.4594), array(-0.46205), array(-0.45475), array(-0.49), array(-0.4415), array(-0.44005), array(-0.4817), array(-0.46795), array(-0.4697), array(-0.4675), array(-0.4497), array(-0.44355), array(-0.45955), array(-0.436), array(-0.4462), array(-0.4591), array(-0.4795), array(-0.4689), array(-0.4711), array(-0.44865), array(-0.4405), array(-0.45915), array(-0.45675), array(-0.45935), array(-0.45175), array(-0.4605), array(-0.44905), array(-0.4675), array(-0.45355), array(-0.45865), array(-0.47865), array(-0.4695), array(-0.44235), array(-0.44575), array(-0.4724), array(-0.4698), array(-0.44235), array(-0.44335)]","[0, 1, 1, 1, 0]",3.75,"[1.0, 0, 0, 0, 1.0]",3.75,[3.68712469 4.10460046],0.371
50,vanilla,True,False,1,False,5,>>graph6<<DkO,10.841893434524536,52,"[array(-0.56915), array(0.29195), array(-0.45275), array(-0.26555), array(-0.66525), array(-0.3276), array(-0.54055), array(-0.5804), array(-0.67705), array(-0.6695), array(-0.66825), array(-0.67145), array(-0.6574), array(-0.6656), array(-0.6715), array(-0.67305), array(-0.67455), array(-0.6898), array(-0.66905), array(-0.6734), array(-0.67785), array(-0.66115), array(-0.66985), array(-0.6763), array(-0.6921), array(-0.668), array(-0.66625), array(-0.68455), array(-0.66595), array(-0.68085), array(-0.65345), array(-0.6765), array(-0.66735), array(-0.66885), array(-0.6737), array(-0.67595), array(-0.66515), array(-0.6645), array(-0.6763), array(-0.66935), array(-0.67065), array(-0.6783), array(-0.68265), array(-0.673), array(-0.67135), array(-0.68215), array(-0.68525), array(-0.67615), array(-0.68515), array(-0.66665), array(-0.6698), array(-0.6659)]","[1, 0, 0, 1, 0]",2.5,"[1.0, 0, 0, 1.0, 0]",2.5,[0.69338438 1.09925806],0.3055
51,vanilla,True,False,1,False,5,>>graph6<<Dm{,9.631447553634644,51,"[array(-0.14325), array(0.31545), array(-0.22425), array(0.08385), array(-0.39865), array(-0.4607), array(-0.54665), array(-0.44935), array(-0.49885), array(-0.4637), array(-0.5719), array(-0.5953), array(-0.55165), array(-0.59125), array(-0.5951), array(-0.5601), array(-0.5919), array(-0.57005), array(-0.60435), array(-0.5571), array(-0.56325), array(-0.56655), array(-0.58685), array(-0.5702), array(-0.58195), array(-0.5872), array(-0.59605), array(-0.57305), array(-0.5841), array(-0.57115), array(-0.56915), array(-0.59195), array(-0.5702), array(-0.56535), array(-0.5734), array(-0.59645), array(-0.57075), array(-0.5957), array(-0.5831), array(-0.5692), array(-0.58975), array(-0.582), array(-0.59455), array(-0.60135), array(-0.5486), array(-0.5994), array(-0.59765), array(-0.57), array(-0.56195), array(-0.5852), array(-0.58245)]","[1, 0, 0, 0, 1]",3.75,"[1.0, 0, 0, 0, 1.0]",3.75,[5.44208143 3.97600682],0.4524
52,vanilla,False,False,1,False,5,>>graph6<<DkO,11.101232290267944,50,"[array(0.26525), array(-0.2484), array(-0.558), array(0.42285), array(-0.08265), array(-0.09745), array(-0.5658), array(-0.6239), array(-0.51295), array(-0.6151), array(-0.5304), array(-0.602), array(-0.6369), array(-0.62245), array(-0.6243), array(-0.61015), array(-0.6174), array(-0.6098), array(-0.62525), array(-0.6083), array(-0.6257), array(-0.641), array(-0.62295), array(-0.62265), array(-0.6269), array(-0.6295), array(-0.63695), array(-0.6237), array(-0.6275), array(-0.63755), array(-0.62495), array(-0.6322), array(-0.6208), array(-0.6189), array(-0.6341), array(-0.61825), array(-0.62585), array(-0.6213), array(-0.6224), array(-0.61755), array(-0.625), array(-0.6271), array(-0.63075), array(-0.637), array(-0.62305), array(-0.626), array(-0.62545), array(-0.62165), array(-0.6338), array(-0.61495)]","[0, 1, 1, 0, 1]",2.5,"[1.0, 0, 0, 1.0, 0]",2.5,[4.33410424 1.09832559],0.2377
53,vanilla,False,False,1,False,5,>>graph6<<Dm{,10.0935537815094,55,"[array(-0.1228), array(-0.0433), array(-0.2311), array(-0.3259), array(0.07195), array(0.1361), array(-0.3609), array(-0.2765), array(-0.3599), array(-0.3423), array(-0.3802), array(-0.3673), array(-0.3506), array(-0.41355), array(-0.4171), array(-0.37745), array(-0.4235), array(-0.41665), array(-0.3999), array(-0.38705), array(-0.3949), array(-0.4294), array(-0.41655), array(-0.4248), array(-0.40785), array(-0.40185), array(-0.4141), array(-0.4244), array(-0.4102), array(-0.4285), array(-0.41425), array(-0.41395), array(-0.3981), array(-0.42505), array(-0.41425), array(-0.40945), array(-0.42895), array(-0.41375), array(-0.3958), array(-0.3977), array(-0.433), array(-0.39585), array(-0.4311), array(-0.41615), array(-0.42675), array(-0.41605), array(-0.3933), array(-0.4112), array(-0.4118), array(-0.4211), array(-0.40465), array(-0.429), array(-0.41885), array(-0.4118), array(-0.42915)]","[0, 1, 1, 1, 0]",3.75,"[1.0, 0, 0, 0, 1.0]",3.75,[3.67571646 4.56900231],0.2182
54,vanilla,True,False,1,False,5,>>graph6<<DkO,9.336160659790039,48,"[array(-0.86445), array(-0.5847), array(-0.18115), array(-1.02715), array(-0.4752), array(-0.6192), array(-0.9815), array(-1.0399), array(-1.02805), array(-0.9742), array(-1.03175), array(-1.03035), array(-1.01), array(-1.03345), array(-1.03535), array(-1.0309), array(-1.01485), array(-1.0263), array(-1.0253), array(-1.034), array(-1.03315), array(-1.0222), array(-1.0315), array(-1.0128), array(-1.01415), array(-1.02965), array(-1.0256), array(-1.02875), array(-1.0277), array(-1.0311), array(-1.03155), array(-1.01205), array(-1.0284), array(-1.0397), array(-1.0419), array(-1.02275), array(-1.02515), array(-1.03835), array(-1.0202), array(-1.02675), array(-1.0334), array(-1.023), array(-1.013), array(-1.0209), array(-1.0266), array(-1.0136), array(-1.02795), array(-1.03155)]","[0, 1, 1, 0, 1]",2.5,"[1.0, 0, 0, 1.0, 0]",2.5,[ 2.96223702 -0.06950853],0.7823
55,vanilla,True,False,1,False,5,>>graph6<<Dm{,10.349300861358643,51,"[array(-0.03895), array(0.3994), array(0.15405), array(-0.92965), array(-1.2462), array(-0.847), array(0.0564), array(-1.1604), array(-1.2539), array(-1.23905), array(-1.11015), array(-1.23875), array(-1.2695), array(-1.25895), array(-1.24645), array(-1.2607), array(-1.26645), array(-1.27055), array(-1.2608), array(-1.2674), array(-1.2534), array(-1.26195), array(-1.2583), array(-1.2665), array(-1.25545), array(-1.26785), array(-1.24785), array(-1.2643), array(-1.26245), array(-1.2576), array(-1.26535), array(-1.2668), array(-1.26205), array(-1.2731), array(-1.24925), array(-1.27025), array(-1.26125), array(-1.25165), array(-1.2538), array(-1.25255), array(-1.26625), array(-1.25265), array(-1.26475), array(-1.25805), array(-1.25855), array(-1.25515), array(-1.26025), array(-1.2608), array(-1.2681), array(-1.25145), array(-1.25835)]","[0, 1, 1, 1, 0]",3.75,"[1.0, 0, 0, 0, 1.0]",3.75,[ 2.91327607 -0.26135996],0.7952
56,vanilla,False,False,1,False,5,>>graph6<<DkO,8.605217695236206,53,"[array(0.03435), array(-0.4935), array(-0.4649), array(0.62655), array(-0.1348), array(0.0476), array(-0.51525), array(-0.5749), array(-0.226), array(-0.5819), array(-0.48435), array(-0.6269), array(-0.63645), array(-0.6358), array(-0.648), array(-0.62085), array(-0.6343), array(-0.6168), array(-0.618), array(-0.6272), array(-0.63195), array(-0.6231), array(-0.6406), array(-0.6414), array(-0.62665), array(-0.6532), array(-0.61895), array(-0.6258), array(-0.62455), array(-0.62665), array(-0.6424), array(-0.63485), array(-0.63255), array(-0.6355), array(-0.6332), array(-0.6287), array(-0.63065), array(-0.63795), array(-0.6574), array(-0.623), array(-0.6418), array(-0.62635), array(-0.6238), array(-0.63355), array(-0.63665), array(-0.63205), array(-0.63285), array(-0.6331), array(-0.6405), array(-0.6336), array(-0.63415), array(-0.62595), array(-0.6307)]","[1, 0, 0, 1, 0]",2.5,"[1.0, 0, 0, 1.0, 0]",2.5,[2.77114401 1.18957741],0.2485
57,vanilla,False,False,1,False,5,>>graph6<<Dm{,11.87533950805664,49,"[array(-0.12685), array(0.05135), array(0.04135), array(0.76255), array(0.0906), array(-0.0718), array(-0.06885), array(-0.10755), array(-0.1084), array(-0.1208), array(-0.08835), array(-0.1059), array(-0.1285), array(-0.1206), array(-0.11735), array(-0.1031), array(-0.12955), array(-0.1112), array(-0.1404), array(-0.1119), array(-0.12145), array(-0.1156), array(-0.1065), array(-0.09745), array(-0.11605), array(-0.11915), array(-0.1159), array(-0.10955), array(-0.12775), array(-0.0946), array(-0.07905), array(-0.12005), array(-0.0995), array(-0.09715), array(-0.10155), array(-0.10485), array(-0.11385), array(-0.08445), array(-0.0841), array(-0.0956), array(-0.14735), array(-0.118), array(-0.1168), array(-0.1186), array(-0.11), array(-0.08785), array(-0.09345), array(-0.1192), array(-0.1285)]","[0, 1, 1, 1, 0]",3.75,"[1.0, 0, 0, 0, 1.0]",3.75,[5.91754249 2.47916456],0.13940000000000002
58,vanilla,True,False,1,False,5,>>graph6<<DkO,9.09024453163147,50,"[array(-0.3154), array(-0.519), array(-0.31625), array(0.1016), array(-0.2273), array(-0.6304), array(-0.64455), array(-0.5848), array(-0.6482), array(-0.6289), array(-0.6428), array(-0.6603), array(-0.6296), array(-0.6384), array(-0.63835), array(-0.64045), array(-0.65025), array(-0.6339), array(-0.6503), array(-0.65735), array(-0.65695), array(-0.6397), array(-0.6595), array(-0.64445), array(-0.63285), array(-0.6463), array(-0.6437), array(-0.65105), array(-0.6476), array(-0.64195), array(-0.6474), array(-0.63885), array(-0.6603), array(-0.64525), array(-0.6474), array(-0.6394), array(-0.6448), array(-0.6449), array(-0.64425), array(-0.635), array(-0.63365), array(-0.6391), array(-0.6319), array(-0.65145), array(-0.64435), array(-0.6387), array(-0.64545), array(-0.6391), array(-0.6534), array(-0.63985)]","[1, 0, 0, 1, 0]",2.5,"[1.0, 0, 0, 1.0, 0]",2.5,[0.6854925  3.11061694],0.3056
59,vanilla,False,False,1,False,5,>>graph6<<DkO,8.765449523925781,50,"[array(-0.1024), array(0.5058), array(-0.14345), array(-0.31955), array(0.4623), array(-0.2824), array(-0.18965), array(-0.4106), array(-0.23985), array(-0.5652), array(-0.1896), array(-0.59445), array(-0.24445), array(-0.54975), array(-0.51295), array(-0.5811), array(-0.58225), array(-0.5521), array(-0.57595), array(-0.58095), array(-0.5651), array(-0.57755), array(-0.55675), array(-0.5528), array(-0.5802), array(-0.5558), array(-0.57515), array(-0.56015), array(-0.5713), array(-0.58035), array(-0.56765), array(-0.5664), array(-0.56265), array(-0.56885), array(-0.5788), array(-0.5659), array(-0.56555), array(-0.5626), array(-0.58465), array(-0.5514), array(-0.5689), array(-0.57495), array(-0.5433), array(-0.5656), array(-0.5697), array(-0.59265), array(-0.562), array(-0.5702), array(-0.5584), array(-0.56555)]","[0, 1, 1, 0, 1]",2.5,"[1.0, 0, 0, 1.0, 0]",2.5,[1.1224651  2.61539512],0.2608
60,vanilla,True,False,1,False,5,>>graph6<<Dm{,9.695300340652466,49,"[array(0.36215), array(0.0896), array(-0.218), array(-0.05125), array(-0.36575), array(-0.40875), array(-0.55665), array(-0.45055), array(-0.52955), array(-0.45575), array(-0.5561), array(-0.49015), array(-0.5075), array(-0.5054), array(-0.5193), array(-0.5079), array(-0.54085), array(-0.50875), array(-0.49815), array(-0.544), array(-0.51835), array(-0.52755), array(-0.54375), array(-0.508), array(-0.5347), array(-0.5124), array(-0.53745), array(-0.53025), array(-0.4915), array(-0.50735), array(-0.5261), array(-0.5381), array(-0.48845), array(-0.5382), array(-0.49545), array(-0.49895), array(-0.5267), array(-0.50215), array(-0.537), array(-0.5096), array(-0.52855), array(-0.51075), array(-0.52045), array(-0.5181), array(-0.5549), array(-0.51535), array(-0.525), array(-0.50785), array(-0.5351)]","[1, 0, 0, 0, 1]",3.75,"[1.0, 0, 0, 0, 1.0]",3.75,[5.1038453  3.60265507],0.4352
61,vanilla,False,False,1,False,5,>>graph6<<Dm{,10.992347478866577,55,"[array(-0.1483), array(-0.18095), array(-0.3976), array(-0.2598), array(-0.42045), array(-0.101), array(0.0619), array(-0.34705), array(-0.3544), array(-0.40465), array(-0.44035), array(-0.4621), array(-0.46105), array(-0.43985), array(-0.44855), array(-0.46165), array(-0.46535), array(-0.47555), array(-0.45445), array(-0.4626), array(-0.42895), array(-0.4857), array(-0.4651), array(-0.4582), array(-0.4678), array(-0.4505), array(-0.45905), array(-0.4503), array(-0.43235), array(-0.4546), array(-0.4263), array(-0.43185), array(-0.435), array(-0.4749), array(-0.48965), array(-0.4444), array(-0.4731), array(-0.44965), array(-0.4486), array(-0.4523), array(-0.4921), array(-0.4631), array(-0.46325), array(-0.43195), array(-0.4658), array(-0.45085), array(-0.43165), array(-0.45095), array(-0.46635), array(-0.46035), array(-0.4673), array(-0.4546), array(-0.45785), array(-0.4428), array(-0.44355)]","[1, 0, 0, 0, 1]",3.75,"[1.0, 0, 0, 0, 1.0]",3.75,[3.63040043 4.29138975],0.33140000000000003
62,vanilla,True,False,1,False,5,>>graph6<<DkO,9.969839572906494,54,"[array(-0.16035), array(0.3974), array(0.0381), array(-0.51785), array(-0.1371), array(-0.3584), array(-0.7437), array(-0.7756), array(-0.90335), array(-0.97295), array(-0.87975), array(-1.0166), array(-1.00305), array(-0.98325), array(-1.02895), array(-1.0346), array(-1.0122), array(-1.01975), array(-1.0211), array(-1.02145), array(-1.02425), array(-1.0317), array(-1.03085), array(-1.02385), array(-1.0152), array(-1.01175), array(-1.02545), array(-1.0265), array(-1.0124), array(-1.02575), array(-1.0346), array(-1.034), array(-1.02355), array(-1.0358), array(-1.03425), array(-1.024), array(-1.01765), array(-1.0191), array(-1.02305), array(-1.0303), array(-1.02945), array(-1.025), array(-1.02055), array(-1.01715), array(-1.0294), array(-1.0179), array(-1.0356), array(-1.03075), array(-1.0208), array(-1.02575), array(-1.0331), array(-1.02645), array(-1.0218), array(-1.02355)]","[0, 1, 1, 0, 1]",2.5,"[1.0, 0, 0, 1.0, 0]",2.5,[3.60872821 0.39963237],0.7535
63,vanilla,True,False,1,False,5,>>graph6<<Dm{,15.104617595672607,53,"[array(0.10715), array(0.42605), array(-0.12705), array(0.01625), array(-0.15745), array(0.0369), array(-0.2528), array(-0.1754), array(-0.25385), array(-0.27625), array(-0.3274), array(-0.3749), array(-0.3492), array(-0.41095), array(-0.38755), array(-0.3876), array(-0.39095), array(-0.39825), array(-0.38305), array(-0.3755), array(-0.3767), array(-0.4044), array(-0.39715), array(-0.4042), array(-0.3976), array(-0.3866), array(-0.3879), array(-0.3931), array(-0.38855), array(-0.39415), array(-0.4015), array(-0.389), array(-0.39785), array(-0.3728), array(-0.3696), array(-0.42505), array(-0.3953), array(-0.396), array(-0.3981), array(-0.413), array(-0.378), array(-0.3674), array(-0.4021), array(-0.3925), array(-0.40295), array(-0.40305), array(-0.40925), array(-0.4122), array(-0.383), array(-0.3806), array(-0.39305), array(-0.4061), array(-0.3634)]","[0, 1, 1, 1, 0]",3.75,"[1.0, 0, 0, 0, 1.0]",3.75,[2.36935687 4.2178988 ],0.3314
64,vanilla,False,False,1,False,5,>>graph6<<DkO,8.839048147201538,53,"[array(0.0708), array(-0.5112), array(-0.47205), array(0.62005), array(-0.0969), array(0.0136), array(-0.54535), array(-0.5818), array(-0.5254), array(-0.5249), array(-0.6225), array(-0.6159), array(-0.63905), array(-0.63645), array(-0.6324), array(-0.62315), array(-0.63465), array(-0.62115), array(-0.63945), array(-0.63045), array(-0.6172), array(-0.63245), array(-0.64675), array(-0.6344), array(-0.6338), array(-0.64745), array(-0.636), array(-0.6301), array(-0.63145), array(-0.63055), array(-0.62275), array(-0.65205), array(-0.6201), array(-0.6332), array(-0.63445), array(-0.6253), array(-0.62305), array(-0.63335), array(-0.6239), array(-0.6205), array(-0.6421), array(-0.63785), array(-0.6299), array(-0.63455), array(-0.63575), array(-0.62965), array(-0.63815), array(-0.64005), array(-0.6303), array(-0.6201), array(-0.6235), array(-0.6347), array(-0.61955)]","[1, 0, 0, 1, 0]",2.5,"[1.0, 0, 0, 1.0, 0]",2.5,[1.19912127 1.28500027],0.2591
65,vanilla,False,False,1,False,5,>>graph6<<Dm{,11.381748914718628,59,"[array(0.51485), array(-0.6121), array(-0.6155), array(0.91425), array(0.7724), array(-0.40855), array(-0.54885), array(-0.198), array(-0.52195), array(-0.6447), array(-0.67195), array(-0.6724), array(-0.6961), array(-0.6896), array(-0.64475), array(-0.69675), array(-0.6937), array(-0.66965), array(-0.69185), array(-0.6961), array(-0.6759), array(-0.68685), array(-0.6774), array(-0.69665), array(-0.6871), array(-0.68175), array(-0.6777), array(-0.68425), array(-0.6981), array(-0.70435), array(-0.69915), array(-0.6963), array(-0.6753), array(-0.6884), array(-0.69305), array(-0.6885), array(-0.69125), array(-0.7202), array(-0.6916), array(-0.7046), array(-0.6828), array(-0.6597), array(-0.68795), array(-0.70475), array(-0.68545), array(-0.6752), array(-0.68975), array(-0.6778), array(-0.69945), array(-0.68655), array(-0.7071), array(-0.68335), array(-0.67675), array(-0.67285), array(-0.66045), array(-0.678), array(-0.69685), array(-0.6795), array(-0.6836)]","[1, 0, 0, 0, 1]",3.75,"[1.0, 0, 0, 0, 1.0]",3.75,[5.99269474 1.38486322],0.27280000000000004
66,vanilla,True,False,1,False,5,>>graph6<<DkO,10.516796112060547,50,"[array(0.3488), array(-0.01875), array(-0.15745), array(-0.25195), array(-0.13075), array(0.0091), array(-0.26865), array(-0.3321), array(-0.3106), array(-0.3298), array(-0.3338), array(-0.30365), array(-0.3449), array(-0.3206), array(-0.32495), array(-0.32155), array(-0.33575), array(-0.3195), array(-0.33735), array(-0.34075), array(-0.3232), array(-0.3425), array(-0.335), array(-0.32945), array(-0.32635), array(-0.3163), array(-0.30975), array(-0.34375), array(-0.3223), array(-0.3215), array(-0.32275), array(-0.3397), array(-0.3303), array(-0.32595), array(-0.32505), array(-0.31695), array(-0.3321), array(-0.3291), array(-0.3351), array(-0.34185), array(-0.33585), array(-0.32025), array(-0.32165), array(-0.33265), array(-0.3303), array(-0.3387), array(-0.3249), array(-0.3237), array(-0.3361), array(-0.32895)]","[1, 0, 0, 0, 0]",2.25,"[1.0, 0, 0, 1.0, 0]",2.5,[3.7437911  3.41570377],0.0871
67,vanilla,True,False,1,False,5,>>graph6<<Dm{,10.69063425064087,52,"[array(-0.569), array(-0.21845), array(-0.7252), array(0.2765), array(-0.76215), array(-0.62845), array(-0.76475), array(-0.85895), array(-0.90885), array(-0.92765), array(-0.88555), array(-0.92375), array(-0.93165), array(-0.92135), array(-0.9193), array(-0.92845), array(-0.91485), array(-0.9312), array(-0.93195), array(-0.9369), array(-0.9162), array(-0.9384), array(-0.93205), array(-0.9245), array(-0.92495), array(-0.924), array(-0.9271), array(-0.92295), array(-0.9242), array(-0.91315), array(-0.92125), array(-0.92805), array(-0.9463), array(-0.90635), array(-0.90475), array(-0.942), array(-0.91385), array(-0.9299), array(-0.93265), array(-0.9232), array(-0.92135), array(-0.926), array(-0.9332), array(-0.9189), array(-0.935), array(-0.92395), array(-0.92115), array(-0.9236), array(-0.9332), array(-0.92465), array(-0.9334), array(-0.9301)]","[1, 0, 0, 0, 1]",3.75,"[1.0, 0, 0, 0, 1.0]",3.75,[0.63847867 1.05943719],0.4171
68,vanilla,False,False,1,False,5,>>graph6<<DkO,12.662378549575806,59,"[array(0.072), array(0.01365), array(0.07975), array(-0.18075), array(0.3941), array(0.2716), array(-0.46315), array(-0.58685), array(-0.5131), array(-0.38805), array(-0.4937), array(-0.55625), array(-0.61785), array(-0.62575), array(-0.601), array(-0.6339), array(-0.63255), array(-0.6365), array(-0.638), array(-0.62735), array(-0.62895), array(-0.6111), array(-0.6321), array(-0.63245), array(-0.62435), array(-0.6275), array(-0.6278), array(-0.61205), array(-0.64165), array(-0.6192), array(-0.6329), array(-0.6347), array(-0.63875), array(-0.63195), array(-0.62715), array(-0.61215), array(-0.6373), array(-0.63755), array(-0.6286), array(-0.62865), array(-0.62965), array(-0.6343), array(-0.63275), array(-0.6327), array(-0.63165), array(-0.62835), array(-0.6378), array(-0.6134), array(-0.6427), array(-0.64405), array(-0.63205), array(-0.6243), array(-0.62415), array(-0.62835), array(-0.62325), array(-0.6218), array(-0.6234), array(-0.63575), array(-0.62555)]","[0, 1, 1, 0, 1]",2.5,"[1.0, 0, 0, 1.0, 0]",2.5,[ 1.94887116 -1.17846328],0.24880000000000002
69,vanilla,False,False,1,False,5,>>graph6<<Dm{,11.06508469581604,47,"[array(-0.54595), array(0.2554), array(-0.19645), array(1.01915), array(-0.24155), array(0.31365), array(-0.6546), array(-0.73485), array(-0.59585), array(-0.796), array(-0.7132), array(-0.8018), array(-0.7798), array(-0.7749), array(-0.76485), array(-0.7698), array(-0.7574), array(-0.78015), array(-0.77165), array(-0.7724), array(-0.7617), array(-0.7753), array(-0.77835), array(-0.7701), array(-0.779), array(-0.7792), array(-0.79625), array(-0.77975), array(-0.77015), array(-0.79135), array(-0.7845), array(-0.7714), array(-0.7792), array(-0.7642), array(-0.7534), array(-0.77975), array(-0.7842), array(-0.7665), array(-0.77115), array(-0.7665), array(-0.7912), array(-0.78235), array(-0.7763), array(-0.75375), array(-0.7615), array(-0.7708), array(-0.75645)]","[1, 0, 0, 0, 1]",3.75,"[1.0, 0, 0, 0, 1.0]",3.75,[2.85369997 1.13222692],0.27690000000000003
70,vanilla,True,False,1,False,5,>>graph6<<DkO,46.39388871192932,56,"[array(-0.43685), array(-0.2567), array(-0.47705), array(0.3327), array(-0.60545), array(-0.2865), array(-0.57625), array(-0.36), array(-0.52485), array(-0.6297), array(-0.60195), array(-0.5914), array(-0.62255), array(-0.64055), array(-0.61645), array(-0.59295), array(-0.6435), array(-0.6235), array(-0.632), array(-0.6272), array(-0.63045), array(-0.6105), array(-0.6206), array(-0.6426), array(-0.6424), array(-0.6127), array(-0.64375), array(-0.6369), array(-0.6069), array(-0.63205), array(-0.63825), array(-0.63), array(-0.61275), array(-0.63985), array(-0.6367), array(-0.6461), array(-0.637), array(-0.63665), array(-0.617), array(-0.6203), array(-0.63095), array(-0.6428), array(-0.62735), array(-0.6329), array(-0.6357), array(-0.6294), array(-0.63525), array(-0.6236), array(-0.63605), array(-0.6368), array(-0.62405), array(-0.6222), array(-0.62965), array(-0.6348), array(-0.64385), array(-0.6232)]","[1, 0, 0, 1, 0]",2.5,"[1.0, 0, 0, 1.0, 0]",2.5,[0.76072983 1.57271185],0.3402
71,vanilla,True,False,1,False,5,>>graph6<<Dm{,11.88748812675476,59,"[array(-0.2329), array(-0.1164), array(-0.0324), array(-0.0176), array(-0.2624), array(-0.0152), array(-0.5364), array(-0.6543), array(-0.84155), array(-0.7662), array(-0.84325), array(-0.7615), array(-0.9106), array(-0.77075), array(-0.8509), array(-0.89495), array(-0.9218), array(-0.9348), array(-0.9027), array(-0.92055), array(-0.927), array(-0.9241), array(-0.9414), array(-0.92455), array(-0.92755), array(-0.9102), array(-0.91765), array(-0.926), array(-0.9183), array(-0.91365), array(-0.93725), array(-0.93295), array(-0.9346), array(-0.9193), array(-0.91985), array(-0.91825), array(-0.936), array(-0.9052), array(-0.93575), array(-0.905), array(-0.91185), array(-0.91055), array(-0.928), array(-0.9208), array(-0.94175), array(-0.91165), array(-0.91425), array(-0.92095), array(-0.92895), array(-0.9369), array(-0.9251), array(-0.9348), array(-0.9252), array(-0.9378), array(-0.90975), array(-0.92655), array(-0.92), array(-0.93225), array(-0.9229)]","[1, 0, 0, 0, 1]",3.75,"[1.0, 0, 0, 0, 1.0]",3.75,[0.69218445 1.13317036],0.43660000000000004
72,vanilla,False,False,1,False,5,>>graph6<<DkO,9.711488246917725,52,"[array(0.345), array(0.16545), array(0.14995), array(-0.5037), array(0.54695), array(0.00805), array(-0.0902), array(-0.50405), array(-0.4853), array(-0.5003), array(-0.5038), array(-0.4545), array(-0.55185), array(-0.55575), array(-0.5792), array(-0.59745), array(-0.57965), array(-0.59755), array(-0.58745), array(-0.58825), array(-0.5748), array(-0.5891), array(-0.57765), array(-0.57065), array(-0.5754), array(-0.58545), array(-0.5809), array(-0.56395), array(-0.5929), array(-0.5617), array(-0.5836), array(-0.57575), array(-0.5862), array(-0.5827), array(-0.5826), array(-0.5866), array(-0.57125), array(-0.58485), array(-0.5871), array(-0.5729), array(-0.58515), array(-0.5725), array(-0.5686), array(-0.5736), array(-0.57925), array(-0.57465), array(-0.58315), array(-0.5899), array(-0.5844), array(-0.5973), array(-0.5758), array(-0.57675)]","[0, 1, 1, 0, 1]",2.5,"[1.0, 0, 0, 1.0, 0]",2.5,[4.30612118 2.54363114],0.2544
73,vanilla,False,False,1,False,5,>>graph6<<Dm{,9.177586555480957,51,"[array(0.01045), array(-0.2027), array(-0.35585), array(0.05905), array(-0.28895), array(-0.36945), array(-0.29075), array(-0.4075), array(-0.19375), array(-0.41825), array(-0.37525), array(-0.4553), array(-0.4278), array(-0.45265), array(-0.4641), array(-0.45345), array(-0.44065), array(-0.43545), array(-0.421), array(-0.4294), array(-0.44805), array(-0.434), array(-0.4168), array(-0.438), array(-0.4327), array(-0.435), array(-0.44395), array(-0.42835), array(-0.4302), array(-0.43385), array(-0.4565), array(-0.44005), array(-0.4357), array(-0.4442), array(-0.4388), array(-0.41945), array(-0.43005), array(-0.45155), array(-0.4198), array(-0.45355), array(-0.4266), array(-0.4787), array(-0.43315), array(-0.4544), array(-0.44485), array(-0.4106), array(-0.43365), array(-0.4189), array(-0.39915), array(-0.4516), array(-0.4342)]","[0, 1, 1, 1, 0]",3.75,"[1.0, 0, 0, 0, 1.0]",3.75,[2.05765065 3.78518723],0.3978
74,vanilla,True,False,1,False,5,>>graph6<<DkO,10.513075828552246,52,"[array(-0.5366), array(0.15255), array(-0.607), array(-0.16175), array(-0.29915), array(-0.6165), array(-0.64625), array(-0.6438), array(-0.60255), array(-0.62715), array(-0.62445), array(-0.6284), array(-0.6538), array(-0.6436), array(-0.6689), array(-0.6592), array(-0.65055), array(-0.64665), array(-0.6709), array(-0.6521), array(-0.65275), array(-0.64895), array(-0.6402), array(-0.65025), array(-0.6521), array(-0.64315), array(-0.64095), array(-0.6431), array(-0.662), array(-0.65095), array(-0.64195), array(-0.6681), array(-0.65005), array(-0.6499), array(-0.6434), array(-0.6503), array(-0.65965), array(-0.65925), array(-0.65405), array(-0.65715), array(-0.65265), array(-0.64575), array(-0.6528), array(-0.6551), array(-0.6564), array(-0.6513), array(-0.66205), array(-0.63995), array(-0.6572), array(-0.6519), array(-0.65995), array(-0.6492)]","[1, 0, 0, 1, 0]",2.5,"[1.0, 0, 0, 1.0, 0]",2.5,[0.81089037 3.17358551],0.3132
75,vanilla,True,False,1,False,5,>>graph6<<Dm{,13.631277561187744,51,"[array(-0.1305), array(-0.54925), array(0.55), array(-1.1729), array(0.4143), array(-1.1452), array(-0.88655), array(-1.2756), array(-1.17665), array(-1.2526), array(-1.19115), array(-1.2466), array(-1.265), array(-1.2509), array(-1.27035), array(-1.2521), array(-1.27465), array(-1.2613), array(-1.26455), array(-1.26605), array(-1.2557), array(-1.2621), array(-1.2623), array(-1.27215), array(-1.26075), array(-1.26755), array(-1.2798), array(-1.2668), array(-1.27665), array(-1.2522), array(-1.2577), array(-1.2735), array(-1.2673), array(-1.26185), array(-1.273), array(-1.26535), array(-1.2612), array(-1.25385), array(-1.2684), array(-1.26905), array(-1.26125), array(-1.2659), array(-1.2788), array(-1.2594), array(-1.2649), array(-1.26635), array(-1.26135), array(-1.26395), array(-1.27745), array(-1.25785), array(-1.27045)]","[0, 1, 1, 1, 0]",3.75,"[1.0, 0, 0, 0, 1.0]",3.75,[ 2.82962853 -0.34704182],0.7898999999999999
76,vanilla,False,False,1,False,5,>>graph6<<DkO,11.254014730453491,55,"[array(0.12675), array(-0.5077), array(-0.5027), array(0.52135), array(-0.0449), array(-0.05075), array(-0.51185), array(-0.48995), array(-0.3242), array(-0.53855), array(-0.5719), array(-0.5502), array(-0.57365), array(-0.5682), array(-0.55875), array(-0.56475), array(-0.5716), array(-0.5729), array(-0.559), array(-0.55965), array(-0.5634), array(-0.5634), array(-0.58195), array(-0.57915), array(-0.56805), array(-0.57815), array(-0.57285), array(-0.57855), array(-0.581), array(-0.56325), array(-0.57255), array(-0.5687), array(-0.5691), array(-0.5715), array(-0.5609), array(-0.5703), array(-0.5529), array(-0.5767), array(-0.559), array(-0.56025), array(-0.5669), array(-0.55255), array(-0.56765), array(-0.58445), array(-0.5811), array(-0.5867), array(-0.5629), array(-0.56515), array(-0.5773), array(-0.58085), array(-0.585), array(-0.5687), array(-0.5749), array(-0.5667), array(-0.57035)]","[1, 0, 0, 1, 0]",2.5,"[1.0, 0, 0, 1.0, 0]",2.5,[5.89612565 2.02180409],0.2628
77,vanilla,False,False,1,False,5,>>graph6<<Dm{,11.720668077468872,62,"[array(0.4799), array(0.84825), array(0.2329), array(-0.02965), array(-0.10715), array(-0.0057), array(0.14735), array(0.1202), array(-0.05425), array(-0.2946), array(-0.315), array(-0.35675), array(-0.2984), array(-0.39625), array(-0.3995), array(-0.3854), array(-0.43745), array(-0.41845), array(-0.4394), array(-0.42255), array(-0.4609), array(-0.45275), array(-0.43545), array(-0.45935), array(-0.4472), array(-0.45445), array(-0.464), array(-0.43745), array(-0.46145), array(-0.4231), array(-0.44), array(-0.4456), array(-0.44205), array(-0.43045), array(-0.4512), array(-0.48375), array(-0.42565), array(-0.4375), array(-0.45265), array(-0.4091), array(-0.46275), array(-0.427), array(-0.4694), array(-0.43885), array(-0.4405), array(-0.4553), array(-0.4587), array(-0.4385), array(-0.45205), array(-0.4637), array(-0.42695), array(-0.4585), array(-0.4221), array(-0.4392), array(-0.43595), array(-0.43635), array(-0.45045), array(-0.4573), array(-0.4457), array(-0.435), array(-0.45135), array(-0.47475)]","[1, 0, 0, 0, 1]",3.75,"[1.0, 0, 0, 0, 1.0]",3.75,[2.06572709 3.80928235],0.4013
78,vanilla,True,False,1,False,5,>>graph6<<DkO,8.846910238265991,47,"[array(-0.26625), array(0.1348), array(-0.29825), array(0.0974), array(-0.21895), array(-0.23545), array(-0.33535), array(-0.3638), array(-0.33065), array(-0.3399), array(-0.33535), array(-0.3426), array(-0.3413), array(-0.35615), array(-0.3401), array(-0.35165), array(-0.35315), array(-0.3453), array(-0.349), array(-0.3402), array(-0.34135), array(-0.342), array(-0.3419), array(-0.3484), array(-0.3339), array(-0.3505), array(-0.34165), array(-0.3511), array(-0.3442), array(-0.35155), array(-0.3431), array(-0.3496), array(-0.3508), array(-0.35415), array(-0.35965), array(-0.3596), array(-0.3522), array(-0.35365), array(-0.35165), array(-0.3512), array(-0.351), array(-0.33795), array(-0.3633), array(-0.35845), array(-0.35115), array(-0.3463), array(-0.35965)]","[1, 0, 0, 0, 0]",2.25,"[1.0, 0, 0, 1.0, 0]",2.5,[3.72578316 3.14668896],0.10099999999999999
79,vanilla,True,False,1,False,5,>>graph6<<Dm{,8.974730014801025,54,"[array(-0.19135), array(-1.03925), array(-0.0012), array(-0.5029), array(-1.17795), array(-1.0142), array(-0.99455), array(-1.1028), array(-1.22615), array(-1.2346), array(-1.20685), array(-1.24485), array(-1.23775), array(-1.23905), array(-1.22695), array(-1.2387), array(-1.2418), array(-1.2398), array(-1.24765), array(-1.23745), array(-1.2265), array(-1.23955), array(-1.24415), array(-1.23215), array(-1.23465), array(-1.2385), array(-1.2513), array(-1.2492), array(-1.24975), array(-1.2292), array(-1.2288), array(-1.2354), array(-1.2532), array(-1.2308), array(-1.22285), array(-1.244), array(-1.23505), array(-1.23865), array(-1.2498), array(-1.2393), array(-1.23005), array(-1.24615), array(-1.21865), array(-1.23225), array(-1.23355), array(-1.2352), array(-1.2287), array(-1.247), array(-1.23785), array(-1.2431), array(-1.23535), array(-1.24025), array(-1.2454), array(-1.22515)]","[0, 1, 1, 1, 0]",3.75,"[1.0, 0, 0, 0, 1.0]",3.75,[3.21590383 0.17092903],0.788
