,param_initialization,optimizer,qaoa_variant,warm_start,errors,depth,graph_size,graph_name,time_elapsed,quantum_func_evals,obj_func_evolution,quantum_solution,quantum_obj_value,classic_solution,classic_value
0,gaussian,COBYLA,recursive,False,False,1,7,F?~vw,1.102919101715088,114,[],[0. 0. 0. 1. 0. 0. 1.],4.602349103088276,"[1.0, 1.0, 1.0, 1.0, 0, 0, 0]",6.76637017433752
1,gaussian,COBYLA,recursive,False,False,3,7,F?~vw,2.086541175842285,235,[],[1. 1. 0. 0. 0. 0. 1.],4.44668952587591,"[1.0, 1.0, 1.0, 1.0, 0, 0, 0]",6.76637017433752
2,gaussian,COBYLA,recursive,False,False,5,7,F?~vw,3.572730302810669,348,[],[0. 1. 0. 0. 0. 1. 1.],4.352929347396787,"[1.0, 1.0, 1.0, 1.0, 0, 0, 0]",6.76637017433752
3,gaussian,COBYLA,recursive,False,False,1,7,F?~vw,1.064507246017456,106,[],[0. 1. 1. 1. 0. 0. 0.],5.312089311049142,"[1.0, 1.0, 1.0, 1.0, 0, 0, 0]",6.76637017433752
4,gaussian,COBYLA,recursive,False,False,3,7,F?~vw,2.235424041748047,253,[],[1. 0. 0. 0. 0. 1. 1.],4.591696448503935,"[1.0, 1.0, 1.0, 1.0, 0, 0, 0]",6.76637017433752
5,gaussian,COBYLA,recursive,False,False,5,7,F?~vw,3.7460010051727295,364,[],[1. 1. 1. 0. 0. 1. 0.],5.2473570484294925,"[1.0, 1.0, 1.0, 1.0, 0, 0, 0]",6.76637017433752
6,gaussian,COBYLA,recursive,False,False,1,7,F?~vw,1.0862138271331787,110,[],[0. 1. 0. 1. 0. 0. 1.],5.324545454483055,"[1.0, 1.0, 1.0, 1.0, 0, 0, 0]",6.76637017433752
7,gaussian,COBYLA,recursive,False,False,3,7,F?~vw,2.1740429401397705,236,[],[1. 1. 0. 1. 0. 0. 1.],5.442387316639132,"[1.0, 1.0, 1.0, 1.0, 0, 0, 0]",6.76637017433752
8,gaussian,COBYLA,recursive,False,False,5,7,F?~vw,3.7518131732940674,365,[],[0. 1. 0. 0. 0. 1. 1.],4.352929347396787,"[1.0, 1.0, 1.0, 1.0, 0, 0, 0]",6.76637017433752
9,gaussian,COBYLA,recursive,False,False,1,7,F?~vw,1.0942349433898926,109,[],[1. 0. 1. 0. 0. 1. 0.],4.469197313729659,"[1.0, 1.0, 1.0, 1.0, 0, 0, 0]",6.76637017433752
10,gaussian,COBYLA,recursive,False,False,3,7,F?~vw,1.9350759983062744,235,[],[0. 1. 1. 1. 0. 0. 0.],5.312089311049142,"[1.0, 1.0, 1.0, 1.0, 0, 0, 0]",6.76637017433752
11,gaussian,COBYLA,recursive,False,False,5,7,F?~vw,3.5756142139434814,362,[],[1. 1. 1. 1. 1. 0. 0.],5.136949160124757,"[1.0, 1.0, 1.0, 1.0, 0, 0, 0]",6.76637017433752
12,gaussian,COBYLA,recursive,False,False,1,7,F?~vw,0.8980915546417236,111,[],[1. 1. 1. 0. 0. 1. 0.],5.2473570484294925,"[1.0, 1.0, 1.0, 1.0, 0, 0, 0]",6.76637017433752
13,gaussian,COBYLA,recursive,False,False,3,7,F?~vw,2.190189838409424,269,[],[1. 1. 0. 1. 1. 0. 0.],4.293019876064114,"[1.0, 1.0, 1.0, 1.0, 0, 0, 0]",6.76637017433752
14,gaussian,COBYLA,recursive,False,False,5,7,F?~vw,3.358522891998291,342,[],[0. 1. 0. 1. 0. 0. 1.],5.324545454483055,"[1.0, 1.0, 1.0, 1.0, 0, 0, 0]",6.76637017433752
15,gaussian,COBYLA,recursive,False,False,1,7,F?~vw,0.9103679656982422,116,[],[1. 1. 1. 0. 0. 1. 0.],5.2473570484294925,"[1.0, 1.0, 1.0, 1.0, 0, 0, 0]",6.76637017433752
16,gaussian,COBYLA,recursive,False,False,3,7,F?~vw,2.05734920501709,240,[],[0. 1. 1. 1. 0. 0. 0.],5.312089311049142,"[1.0, 1.0, 1.0, 1.0, 0, 0, 0]",6.76637017433752
17,gaussian,COBYLA,recursive,False,False,5,7,F?~vw,3.527905225753784,351,[],[1. 1. 0. 1. 1. 0. 0.],4.293019876064114,"[1.0, 1.0, 1.0, 1.0, 0, 0, 0]",6.76637017433752
18,gaussian,COBYLA,recursive,False,False,1,7,F?~vw,0.9403049945831299,111,[],[1. 1. 0. 1. 0. 0. 1.],5.442387316639132,"[1.0, 1.0, 1.0, 1.0, 0, 0, 0]",6.76637017433752
19,gaussian,COBYLA,recursive,False,False,3,7,F?~vw,2.0778613090515137,251,[],[1. 0. 1. 0. 0. 1. 0.],4.469197313729659,"[1.0, 1.0, 1.0, 1.0, 0, 0, 0]",6.76637017433752
20,gaussian,COBYLA,recursive,False,False,5,7,F?~vw,3.476379156112671,348,[],[1. 1. 1. 1. 0. 0. 0.],6.76637017433752,"[1.0, 1.0, 1.0, 1.0, 0, 0, 0]",6.76637017433752
21,gaussian,COBYLA,recursive,False,False,1,7,F?~vw,0.8636317253112793,105,[],[0. 1. 1. 0. 0. 1. 0.],4.456170758918014,"[1.0, 1.0, 1.0, 1.0, 0, 0, 0]",6.76637017433752
22,gaussian,COBYLA,recursive,False,False,3,7,F?~vw,1.9727380275726318,240,[],[0. 1. 1. 1. 1. 0. 0.],4.591696448503935,"[1.0, 1.0, 1.0, 1.0, 0, 0, 0]",6.76637017433752
23,gaussian,COBYLA,recursive,False,False,5,7,F?~vw,3.3865747451782227,352,[],[0. 1. 1. 0. 1. 1. 0.],4.7201909652443526,"[1.0, 1.0, 1.0, 1.0, 0, 0, 0]",6.76637017433752
24,gaussian,COBYLA,recursive,False,False,1,7,F?~vw,0.8565173149108887,108,[],[1. 1. 0. 1. 0. 0. 1.],5.442387316639132,"[1.0, 1.0, 1.0, 1.0, 0, 0, 0]",6.76637017433752
25,gaussian,COBYLA,recursive,False,False,3,7,F?~vw,2.1948623657226562,235,[],[1. 1. 1. 0. 0. 1. 0.],5.2473570484294925,"[1.0, 1.0, 1.0, 1.0, 0, 0, 0]",6.76637017433752
26,gaussian,COBYLA,recursive,False,False,5,7,F?~vw,3.690218925476074,350,[],[1. 1. 1. 1. 0. 0. 0.],6.76637017433752,"[1.0, 1.0, 1.0, 1.0, 0, 0, 0]",6.76637017433752
27,gaussian,COBYLA,recursive,False,False,1,7,F?~vw,0.8958063125610352,113,[],[1. 1. 1. 1. 1. 0. 0.],5.136949160124757,"[1.0, 1.0, 1.0, 1.0, 0, 0, 0]",6.76637017433752
28,gaussian,COBYLA,recursive,False,False,3,7,F?~vw,2.213202953338623,236,[],[1. 1. 0. 0. 0. 0. 1.],4.44668952587591,"[1.0, 1.0, 1.0, 1.0, 0, 0, 0]",6.76637017433752
29,gaussian,COBYLA,recursive,False,False,5,7,F?~vw,3.954922676086426,363,[],[0. 1. 1. 1. 0. 0. 0.],5.312089311049142,"[1.0, 1.0, 1.0, 1.0, 0, 0, 0]",6.76637017433752
30,gaussian,COBYLA,recursive,False,False,1,7,F?~vw,1.1177783012390137,109,[],[1. 1. 0. 1. 0. 0. 1.],5.442387316639132,"[1.0, 1.0, 1.0, 1.0, 0, 0, 0]",6.76637017433752
31,gaussian,COBYLA,recursive,False,False,3,7,F?~vw,2.17140793800354,234,[],[1. 1. 1. 1. 1. 0. 0.],5.136949160124757,"[1.0, 1.0, 1.0, 1.0, 0, 0, 0]",6.76637017433752
32,gaussian,COBYLA,recursive,False,False,5,7,F?~vw,3.714348554611206,357,[],[1. 0. 1. 1. 0. 0. 0.],4.4819942755149365,"[1.0, 1.0, 1.0, 1.0, 0, 0, 0]",6.76637017433752
33,gaussian,COBYLA,recursive,False,False,1,7,F?~vw,0.8948168754577637,109,[],[1. 1. 1. 1. 0. 0. 0.],6.76637017433752,"[1.0, 1.0, 1.0, 1.0, 0, 0, 0]",6.76637017433752
34,gaussian,COBYLA,recursive,False,False,3,7,F?~vw,1.9714126586914062,236,[],[0. 1. 1. 1. 0. 0. 0.],5.312089311049142,"[1.0, 1.0, 1.0, 1.0, 0, 0, 0]",6.76637017433752
35,gaussian,COBYLA,recursive,False,False,5,7,F?~vw,3.3122622966766357,348,[],[1. 1. 0. 1. 1. 0. 0.],4.293019876064114,"[1.0, 1.0, 1.0, 1.0, 0, 0, 0]",6.76637017433752
36,gaussian,COBYLA,recursive,False,False,1,7,F?~vw,1.1465847492218018,114,[],[1. 1. 0. 0. 0. 0. 1.],4.44668952587591,"[1.0, 1.0, 1.0, 1.0, 0, 0, 0]",6.76637017433752
37,gaussian,COBYLA,recursive,False,False,3,7,F?~vw,2.1754064559936523,241,[],[0. 1. 0. 1. 0. 0. 1.],5.324545454483055,"[1.0, 1.0, 1.0, 1.0, 0, 0, 0]",6.76637017433752
38,gaussian,COBYLA,recursive,False,False,5,7,F?~vw,3.5007288455963135,337,[],[0. 0. 0. 1. 0. 0. 1.],4.602349103088276,"[1.0, 1.0, 1.0, 1.0, 0, 0, 0]",6.76637017433752
39,gaussian,COBYLA,recursive,False,False,1,7,F?~vw,0.8917872905731201,116,[],[0. 1. 1. 1. 1. 0. 0.],4.591696448503935,"[1.0, 1.0, 1.0, 1.0, 0, 0, 0]",6.76637017433752
40,gaussian,COBYLA,recursive,False,False,3,7,F?~vw,2.086261034011841,247,[],[1. 1. 0. 1. 0. 0. 1.],5.442387316639132,"[1.0, 1.0, 1.0, 1.0, 0, 0, 0]",6.76637017433752
41,gaussian,COBYLA,recursive,False,False,5,7,F?~vw,3.3168535232543945,339,[],[0. 1. 0. 1. 0. 0. 1.],5.324545454483055,"[1.0, 1.0, 1.0, 1.0, 0, 0, 0]",6.76637017433752
42,gaussian,COBYLA,recursive,False,False,1,7,F?~vw,0.9068601131439209,115,[],[1. 1. 1. 1. 0. 0. 0.],6.76637017433752,"[1.0, 1.0, 1.0, 1.0, 0, 0, 0]",6.76637017433752
43,gaussian,COBYLA,recursive,False,False,3,7,F?~vw,1.9862432479858398,240,[],[0. 1. 1. 1. 0. 0. 0.],5.312089311049142,"[1.0, 1.0, 1.0, 1.0, 0, 0, 0]",6.76637017433752
44,gaussian,COBYLA,recursive,False,False,5,7,F?~vw,3.3586466312408447,340,[],[1. 1. 0. 1. 0. 0. 1.],5.442387316639132,"[1.0, 1.0, 1.0, 1.0, 0, 0, 0]",6.76637017433752
45,gaussian,COBYLA,recursive,False,False,1,7,F?~vw,0.9133286476135254,120,[],[0. 1. 1. 0. 0. 1. 0.],4.456170758918014,"[1.0, 1.0, 1.0, 1.0, 0, 0, 0]",6.76637017433752
46,gaussian,COBYLA,recursive,False,False,3,7,F?~vw,1.8887090682983398,230,[],[1. 0. 1. 1. 0. 0. 0.],4.4819942755149365,"[1.0, 1.0, 1.0, 1.0, 0, 0, 0]",6.76637017433752
47,gaussian,COBYLA,recursive,False,False,5,7,F?~vw,3.4119420051574707,349,[],[0. 1. 1. 0. 1. 1. 0.],4.7201909652443526,"[1.0, 1.0, 1.0, 1.0, 0, 0, 0]",6.76637017433752
48,gaussian,COBYLA,recursive,False,False,1,7,F?~vw,0.8529527187347412,114,[],[1. 0. 1. 0. 0. 1. 0.],4.469197313729659,"[1.0, 1.0, 1.0, 1.0, 0, 0, 0]",6.76637017433752
49,gaussian,COBYLA,recursive,False,False,3,7,F?~vw,1.9265949726104736,227,[],[0. 1. 0. 0. 0. 1. 1.],4.352929347396787,"[1.0, 1.0, 1.0, 1.0, 0, 0, 0]",6.76637017433752
50,gaussian,COBYLA,recursive,False,False,5,7,F?~vw,3.516730308532715,348,[],[0. 1. 1. 0. 1. 1. 0.],4.7201909652443526,"[1.0, 1.0, 1.0, 1.0, 0, 0, 0]",6.76637017433752
51,gaussian,COBYLA,recursive,False,False,1,7,F?~vw,0.9037718772888184,113,[],[0. 1. 1. 0. 0. 1. 0.],4.456170758918014,"[1.0, 1.0, 1.0, 1.0, 0, 0, 0]",6.76637017433752
52,gaussian,COBYLA,recursive,False,False,3,7,F?~vw,2.006932020187378,241,[],[0. 1. 1. 1. 0. 0. 0.],5.312089311049142,"[1.0, 1.0, 1.0, 1.0, 0, 0, 0]",6.76637017433752
53,gaussian,COBYLA,recursive,False,False,5,7,F?~vw,3.4307103157043457,349,[],[0. 1. 0. 0. 0. 1. 1.],4.352929347396787,"[1.0, 1.0, 1.0, 1.0, 0, 0, 0]",6.76637017433752
54,gaussian,COBYLA,recursive,False,False,1,7,F?~vw,0.8772366046905518,115,[],[1. 1. 0. 1. 1. 0. 0.],4.293019876064114,"[1.0, 1.0, 1.0, 1.0, 0, 0, 0]",6.76637017433752
55,gaussian,COBYLA,recursive,False,False,3,7,F?~vw,1.983203649520874,250,[],[1. 1. 1. 1. 0. 0. 0.],6.76637017433752,"[1.0, 1.0, 1.0, 1.0, 0, 0, 0]",6.76637017433752
56,gaussian,COBYLA,recursive,False,False,5,7,F?~vw,3.3970890045166016,351,[],[1. 1. 0. 1. 0. 0. 1.],5.442387316639132,"[1.0, 1.0, 1.0, 1.0, 0, 0, 0]",6.76637017433752
57,gaussian,COBYLA,recursive,False,False,1,7,F?~vw,0.8750588893890381,112,[],[1. 1. 0. 1. 0. 0. 1.],5.442387316639132,"[1.0, 1.0, 1.0, 1.0, 0, 0, 0]",6.76637017433752
58,gaussian,COBYLA,recursive,False,False,3,7,F?~vw,1.9811782836914062,240,[],[1. 1. 1. 1. 0. 0. 0.],6.76637017433752,"[1.0, 1.0, 1.0, 1.0, 0, 0, 0]",6.76637017433752
59,gaussian,COBYLA,recursive,False,False,5,7,F?~vw,3.316541910171509,338,[],[1. 1. 0. 1. 0. 0. 1.],5.442387316639132,"[1.0, 1.0, 1.0, 1.0, 0, 0, 0]",6.76637017433752
60,gaussian,COBYLA,recursive,False,False,1,7,F?~vw,0.8492546081542969,109,[],[1. 1. 0. 1. 1. 0. 0.],4.293019876064114,"[1.0, 1.0, 1.0, 1.0, 0, 0, 0]",6.76637017433752
61,gaussian,COBYLA,recursive,False,False,3,7,F?~vw,1.9696264266967773,240,[],[1. 1. 1. 1. 0. 0. 0.],6.76637017433752,"[1.0, 1.0, 1.0, 1.0, 0, 0, 0]",6.76637017433752
62,gaussian,COBYLA,recursive,False,False,5,7,F?~vw,3.444077730178833,362,[],[0. 1. 1. 0. 0. 1. 0.],4.456170758918014,"[1.0, 1.0, 1.0, 1.0, 0, 0, 0]",6.76637017433752
63,gaussian,COBYLA,recursive,False,False,1,7,F?~vw,0.8924057483673096,110,[],[1. 1. 0. 1. 0. 0. 1.],5.442387316639132,"[1.0, 1.0, 1.0, 1.0, 0, 0, 0]",6.76637017433752
64,gaussian,COBYLA,recursive,False,False,3,7,F?~vw,1.941542387008667,226,[],[1. 1. 1. 1. 1. 0. 0.],5.136949160124757,"[1.0, 1.0, 1.0, 1.0, 0, 0, 0]",6.76637017433752
65,gaussian,COBYLA,recursive,False,False,5,7,F?~vw,3.2129154205322266,326,[],[1. 0. 1. 0. 0. 1. 0.],4.469197313729659,"[1.0, 1.0, 1.0, 1.0, 0, 0, 0]",6.76637017433752
66,gaussian,COBYLA,recursive,False,False,1,7,F?~vw,0.8835957050323486,112,[],[1. 1. 0. 1. 0. 0. 1.],5.442387316639132,"[1.0, 1.0, 1.0, 1.0, 0, 0, 0]",6.76637017433752
67,gaussian,COBYLA,recursive,False,False,3,7,F?~vw,1.9400849342346191,239,[],[1. 1. 0. 1. 1. 0. 0.],4.293019876064114,"[1.0, 1.0, 1.0, 1.0, 0, 0, 0]",6.76637017433752
68,gaussian,COBYLA,recursive,False,False,5,7,F?~vw,3.3939080238342285,344,[],[1. 1. 0. 0. 0. 0. 1.],4.44668952587591,"[1.0, 1.0, 1.0, 1.0, 0, 0, 0]",6.76637017433752
69,gaussian,COBYLA,recursive,False,False,1,7,F?~vw,0.856626033782959,113,[],[1. 1. 1. 1. 1. 0. 0.],5.136949160124757,"[1.0, 1.0, 1.0, 1.0, 0, 0, 0]",6.76637017433752
70,gaussian,COBYLA,recursive,False,False,3,7,F?~vw,1.901170015335083,239,[],[0. 1. 0. 0. 0. 1. 1.],4.352929347396787,"[1.0, 1.0, 1.0, 1.0, 0, 0, 0]",6.76637017433752
71,gaussian,COBYLA,recursive,False,False,5,7,F?~vw,3.4011118412017822,350,[],[1. 0. 0. 1. 0. 0. 1.],4.7201909652443526,"[1.0, 1.0, 1.0, 1.0, 0, 0, 0]",6.76637017433752
72,gaussian,COBYLA,recursive,False,False,1,7,F?~vw,0.8510284423828125,114,[],[0. 1. 1. 1. 0. 0. 0.],5.312089311049142,"[1.0, 1.0, 1.0, 1.0, 0, 0, 0]",6.76637017433752
73,gaussian,COBYLA,recursive,False,False,3,7,F?~vw,1.8529396057128906,229,[],[1. 1. 1. 1. 1. 0. 0.],5.136949160124757,"[1.0, 1.0, 1.0, 1.0, 0, 0, 0]",6.76637017433752
74,gaussian,COBYLA,recursive,False,False,5,7,F?~vw,3.4557127952575684,354,[],[1. 0. 1. 0. 0. 1. 0.],4.469197313729659,"[1.0, 1.0, 1.0, 1.0, 0, 0, 0]",6.76637017433752
75,gaussian,COBYLA,recursive,False,False,1,7,F?~vw,0.8603935241699219,107,[],[1. 0. 1. 1. 0. 0. 0.],4.4819942755149365,"[1.0, 1.0, 1.0, 1.0, 0, 0, 0]",6.76637017433752
76,gaussian,COBYLA,recursive,False,False,3,7,F?~vw,1.8555488586425781,216,[],[1. 1. 1. 1. 0. 0. 0.],6.76637017433752,"[1.0, 1.0, 1.0, 1.0, 0, 0, 0]",6.76637017433752
77,gaussian,COBYLA,recursive,False,False,5,7,F?~vw,3.3652827739715576,355,[],[1. 0. 1. 1. 0. 0. 0.],4.4819942755149365,"[1.0, 1.0, 1.0, 1.0, 0, 0, 0]",6.76637017433752
78,gaussian,COBYLA,recursive,False,False,1,7,F?~vw,0.9084908962249756,114,[],[1. 0. 1. 1. 0. 0. 0.],4.4819942755149365,"[1.0, 1.0, 1.0, 1.0, 0, 0, 0]",6.76637017433752
79,gaussian,COBYLA,recursive,False,False,3,7,F?~vw,1.9235761165618896,243,[],[0. 1. 0. 0. 0. 1. 1.],4.352929347396787,"[1.0, 1.0, 1.0, 1.0, 0, 0, 0]",6.76637017433752
80,gaussian,COBYLA,recursive,False,False,5,7,F?~vw,3.604977607727051,373,[],[1. 0. 1. 1. 0. 0. 0.],4.4819942755149365,"[1.0, 1.0, 1.0, 1.0, 0, 0, 0]",6.76637017433752
81,gaussian,COBYLA,recursive,False,False,1,7,F?~vw,0.8766415119171143,112,[],[1. 1. 1. 0. 0. 1. 0.],5.2473570484294925,"[1.0, 1.0, 1.0, 1.0, 0, 0, 0]",6.76637017433752
82,gaussian,COBYLA,recursive,False,False,3,7,F?~vw,1.9453139305114746,237,[],[1. 1. 0. 0. 0. 0. 1.],4.44668952587591,"[1.0, 1.0, 1.0, 1.0, 0, 0, 0]",6.76637017433752
83,gaussian,COBYLA,recursive,False,False,5,7,F?~vw,3.4355924129486084,353,[],[1. 1. 0. 0. 0. 0. 1.],4.44668952587591,"[1.0, 1.0, 1.0, 1.0, 0, 0, 0]",6.76637017433752
84,gaussian,COBYLA,recursive,False,False,1,7,F?~vw,0.9393534660339355,117,[],[0. 1. 1. 0. 0. 1. 0.],4.456170758918014,"[1.0, 1.0, 1.0, 1.0, 0, 0, 0]",6.76637017433752
85,gaussian,COBYLA,recursive,False,False,3,7,F?~vw,1.8309223651885986,221,[],[0. 1. 0. 0. 0. 1. 1.],4.352929347396787,"[1.0, 1.0, 1.0, 1.0, 0, 0, 0]",6.76637017433752
86,gaussian,COBYLA,recursive,False,False,5,7,F?~vw,3.417452573776245,356,[],[0. 1. 1. 0. 0. 1. 0.],4.456170758918014,"[1.0, 1.0, 1.0, 1.0, 0, 0, 0]",6.76637017433752
87,gaussian,COBYLA,recursive,False,False,1,7,F?~vw,0.8533623218536377,109,[],[1. 0. 1. 1. 0. 0. 0.],4.4819942755149365,"[1.0, 1.0, 1.0, 1.0, 0, 0, 0]",6.76637017433752
88,gaussian,COBYLA,recursive,False,False,3,7,F?~vw,1.895430564880371,230,[],[1. 1. 1. 0. 0. 1. 0.],5.2473570484294925,"[1.0, 1.0, 1.0, 1.0, 0, 0, 0]",6.76637017433752
89,gaussian,COBYLA,recursive,False,False,5,7,F?~vw,3.474030017852783,356,[],[1. 1. 0. 0. 1. 1. 0.],4.126349757870642,"[1.0, 1.0, 1.0, 1.0, 0, 0, 0]",6.76637017433752
90,gaussian,COBYLA,recursive,False,False,1,7,F?~vw,0.8680574893951416,114,[],[1. 1. 0. 0. 0. 0. 1.],4.44668952587591,"[1.0, 1.0, 1.0, 1.0, 0, 0, 0]",6.76637017433752
91,gaussian,COBYLA,recursive,False,False,3,7,F?~vw,1.905979871749878,225,[],[0. 1. 1. 1. 0. 0. 0.],5.312089311049142,"[1.0, 1.0, 1.0, 1.0, 0, 0, 0]",6.76637017433752
92,gaussian,COBYLA,recursive,False,False,5,7,F?~vw,3.6247854232788086,367,[],[1. 0. 1. 1. 0. 0. 0.],4.4819942755149365,"[1.0, 1.0, 1.0, 1.0, 0, 0, 0]",6.76637017433752
93,gaussian,COBYLA,recursive,False,False,1,7,F?~vw,0.8918967247009277,113,[],[1. 1. 1. 1. 1. 0. 0.],5.136949160124757,"[1.0, 1.0, 1.0, 1.0, 0, 0, 0]",6.76637017433752
94,gaussian,COBYLA,recursive,False,False,3,7,F?~vw,2.165705442428589,233,[],[1. 0. 0. 1. 0. 0. 1.],4.7201909652443526,"[1.0, 1.0, 1.0, 1.0, 0, 0, 0]",6.76637017433752
95,gaussian,COBYLA,recursive,False,False,5,7,F?~vw,3.5190718173980713,367,[],[1. 0. 1. 1. 0. 0. 0.],4.4819942755149365,"[1.0, 1.0, 1.0, 1.0, 0, 0, 0]",6.76637017433752
96,gaussian,COBYLA,recursive,False,False,1,7,F?~vw,0.898878812789917,114,[],[0. 0. 0. 1. 0. 0. 1.],4.602349103088276,"[1.0, 1.0, 1.0, 1.0, 0, 0, 0]",6.76637017433752
97,gaussian,COBYLA,recursive,False,False,3,7,F?~vw,1.9242112636566162,240,[],[0. 1. 1. 1. 0. 0. 0.],5.312089311049142,"[1.0, 1.0, 1.0, 1.0, 0, 0, 0]",6.76637017433752
98,gaussian,COBYLA,recursive,False,False,5,7,F?~vw,3.355665445327759,341,[],[1. 1. 1. 1. 0. 0. 0.],6.76637017433752,"[1.0, 1.0, 1.0, 1.0, 0, 0, 0]",6.76637017433752
99,gaussian,COBYLA,recursive,False,False,1,7,F?~vw,0.8501393795013428,112,[],[0. 1. 0. 0. 0. 1. 1.],4.352929347396787,"[1.0, 1.0, 1.0, 1.0, 0, 0, 0]",6.76637017433752
100,gaussian,COBYLA,recursive,False,False,3,7,F?~vw,1.8541843891143799,225,[],[0. 1. 0. 1. 0. 0. 1.],5.324545454483055,"[1.0, 1.0, 1.0, 1.0, 0, 0, 0]",6.76637017433752
101,gaussian,COBYLA,recursive,False,False,5,7,F?~vw,3.4817910194396973,358,[],[1. 0. 1. 0. 0. 1. 0.],4.469197313729659,"[1.0, 1.0, 1.0, 1.0, 0, 0, 0]",6.76637017433752
102,gaussian,COBYLA,recursive,False,False,1,7,F?~vw,0.9040207862854004,112,[],[0. 1. 1. 1. 0. 0. 0.],5.312089311049142,"[1.0, 1.0, 1.0, 1.0, 0, 0, 0]",6.76637017433752
103,gaussian,COBYLA,recursive,False,False,3,7,F?~vw,2.0400805473327637,253,[],[1. 1. 0. 0. 0. 0. 1.],4.44668952587591,"[1.0, 1.0, 1.0, 1.0, 0, 0, 0]",6.76637017433752
104,gaussian,COBYLA,recursive,False,False,5,7,F?~vw,3.6086525917053223,357,[],[1. 0. 0. 1. 0. 0. 1.],4.7201909652443526,"[1.0, 1.0, 1.0, 1.0, 0, 0, 0]",6.76637017433752
105,gaussian,COBYLA,recursive,False,False,1,7,F?~vw,0.921398401260376,117,[],[1. 0. 0. 0. 0. 1. 1.],4.591696448503935,"[1.0, 1.0, 1.0, 1.0, 0, 0, 0]",6.76637017433752
106,gaussian,COBYLA,recursive,False,False,3,7,F?~vw,1.9974019527435303,243,[],[0. 1. 1. 0. 0. 1. 0.],4.456170758918014,"[1.0, 1.0, 1.0, 1.0, 0, 0, 0]",6.76637017433752
107,gaussian,COBYLA,recursive,False,False,5,7,F?~vw,3.74798321723938,360,[],[1. 1. 0. 1. 1. 0. 0.],4.293019876064114,"[1.0, 1.0, 1.0, 1.0, 0, 0, 0]",6.76637017433752
108,gaussian,COBYLA,recursive,False,False,1,7,F?~vw,0.9183409214019775,115,[],[0. 1. 0. 1. 0. 0. 1.],5.324545454483055,"[1.0, 1.0, 1.0, 1.0, 0, 0, 0]",6.76637017433752
109,gaussian,COBYLA,recursive,False,False,3,7,F?~vw,2.1128344535827637,224,[],[1. 1. 0. 1. 0. 0. 1.],5.442387316639132,"[1.0, 1.0, 1.0, 1.0, 0, 0, 0]",6.76637017433752
110,gaussian,COBYLA,recursive,False,False,5,7,F?~vw,3.5287723541259766,333,[],[0. 0. 0. 1. 0. 0. 1.],4.602349103088276,"[1.0, 1.0, 1.0, 1.0, 0, 0, 0]",6.76637017433752
111,gaussian,COBYLA,recursive,False,False,1,7,F?~vw,1.1305606365203857,109,[],[0. 1. 1. 1. 0. 0. 0.],5.312089311049142,"[1.0, 1.0, 1.0, 1.0, 0, 0, 0]",6.76637017433752
112,gaussian,COBYLA,recursive,False,False,3,7,F?~vw,2.2160816192626953,234,[],[1. 1. 0. 0. 0. 0. 1.],4.44668952587591,"[1.0, 1.0, 1.0, 1.0, 0, 0, 0]",6.76637017433752
113,gaussian,COBYLA,recursive,False,False,5,7,F?~vw,3.661555528640747,358,[],[0. 1. 1. 0. 1. 1. 0.],4.7201909652443526,"[1.0, 1.0, 1.0, 1.0, 0, 0, 0]",6.76637017433752
114,gaussian,COBYLA,recursive,False,False,1,7,F?~vw,0.8862583637237549,113,[],[1. 0. 1. 1. 0. 0. 0.],4.4819942755149365,"[1.0, 1.0, 1.0, 1.0, 0, 0, 0]",6.76637017433752
115,gaussian,COBYLA,recursive,False,False,3,7,F?~vw,2.2834689617156982,240,[],[1. 0. 1. 1. 0. 0. 0.],4.4819942755149365,"[1.0, 1.0, 1.0, 1.0, 0, 0, 0]",6.76637017433752
116,gaussian,COBYLA,recursive,False,False,5,7,F?~vw,3.629229784011841,369,[],[1. 1. 0. 1. 0. 0. 1.],5.442387316639132,"[1.0, 1.0, 1.0, 1.0, 0, 0, 0]",6.76637017433752
117,gaussian,COBYLA,recursive,False,False,1,7,F?~vw,1.1844546794891357,113,[],[1. 1. 1. 0. 0. 1. 0.],5.2473570484294925,"[1.0, 1.0, 1.0, 1.0, 0, 0, 0]",6.76637017433752
118,gaussian,COBYLA,recursive,False,False,3,7,F?~vw,2.292137622833252,246,[],[1. 1. 0. 1. 1. 0. 0.],4.293019876064114,"[1.0, 1.0, 1.0, 1.0, 0, 0, 0]",6.76637017433752
119,gaussian,COBYLA,recursive,False,False,5,7,F?~vw,3.491417169570923,354,[],[1. 0. 0. 1. 0. 0. 1.],4.7201909652443526,"[1.0, 1.0, 1.0, 1.0, 0, 0, 0]",6.76637017433752
120,gaussian,COBYLA,recursive,False,False,1,7,F?~vw,0.9081542491912842,107,[],[0. 0. 0. 1. 0. 0. 1.],4.602349103088276,"[1.0, 1.0, 1.0, 1.0, 0, 0, 0]",6.76637017433752
121,gaussian,COBYLA,recursive,False,False,3,7,F?~vw,1.981189250946045,240,[],[1. 1. 0. 1. 0. 0. 1.],5.442387316639132,"[1.0, 1.0, 1.0, 1.0, 0, 0, 0]",6.76637017433752
122,gaussian,COBYLA,recursive,False,False,5,7,F?~vw,3.3925259113311768,343,[],[1. 0. 1. 0. 0. 1. 0.],4.469197313729659,"[1.0, 1.0, 1.0, 1.0, 0, 0, 0]",6.76637017433752
123,gaussian,COBYLA,recursive,False,False,1,7,F?~vw,0.8696954250335693,113,[],[1. 0. 1. 0. 0. 1. 0.],4.469197313729659,"[1.0, 1.0, 1.0, 1.0, 0, 0, 0]",6.76637017433752
124,gaussian,COBYLA,recursive,False,False,3,7,F?~vw,2.0051565170288086,239,[],[1. 1. 0. 1. 0. 0. 1.],5.442387316639132,"[1.0, 1.0, 1.0, 1.0, 0, 0, 0]",6.76637017433752
125,gaussian,COBYLA,recursive,False,False,5,7,F?~vw,3.4514424800872803,355,[],[1. 1. 0. 1. 1. 0. 0.],4.293019876064114,"[1.0, 1.0, 1.0, 1.0, 0, 0, 0]",6.76637017433752
126,gaussian,COBYLA,recursive,False,False,1,7,F?~vw,0.88413405418396,112,[],[1. 1. 0. 1. 1. 0. 0.],4.293019876064114,"[1.0, 1.0, 1.0, 1.0, 0, 0, 0]",6.76637017433752
127,gaussian,COBYLA,recursive,False,False,3,7,F?~vw,1.883495807647705,232,[],[1. 1. 1. 1. 1. 0. 0.],5.136949160124757,"[1.0, 1.0, 1.0, 1.0, 0, 0, 0]",6.76637017433752
128,gaussian,COBYLA,recursive,False,False,5,7,F?~vw,3.4971373081207275,354,[],[1. 1. 0. 1. 0. 0. 1.],5.442387316639132,"[1.0, 1.0, 1.0, 1.0, 0, 0, 0]",6.76637017433752
129,gaussian,COBYLA,recursive,False,False,1,7,F?~vw,0.8526866436004639,111,[],[1. 1. 0. 1. 0. 0. 1.],5.442387316639132,"[1.0, 1.0, 1.0, 1.0, 0, 0, 0]",6.76637017433752
130,gaussian,COBYLA,recursive,False,False,3,7,F?~vw,1.8431432247161865,220,[],[1. 1. 1. 1. 1. 0. 0.],5.136949160124757,"[1.0, 1.0, 1.0, 1.0, 0, 0, 0]",6.76637017433752
131,gaussian,COBYLA,recursive,False,False,5,7,F?~vw,3.5541656017303467,351,[],[1. 1. 1. 1. 0. 0. 0.],6.76637017433752,"[1.0, 1.0, 1.0, 1.0, 0, 0, 0]",6.76637017433752
132,gaussian,COBYLA,recursive,False,False,1,7,F?~vw,0.8627376556396484,107,[],[0. 1. 0. 1. 0. 0. 1.],5.324545454483055,"[1.0, 1.0, 1.0, 1.0, 0, 0, 0]",6.76637017433752
133,gaussian,COBYLA,recursive,False,False,3,7,F?~vw,1.9285974502563477,239,[],[1. 0. 1. 0. 0. 1. 0.],4.469197313729659,"[1.0, 1.0, 1.0, 1.0, 0, 0, 0]",6.76637017433752
134,gaussian,COBYLA,recursive,False,False,5,7,F?~vw,3.394535541534424,352,[],[0. 1. 1. 0. 1. 1. 0.],4.7201909652443526,"[1.0, 1.0, 1.0, 1.0, 0, 0, 0]",6.76637017433752
135,gaussian,COBYLA,recursive,False,False,1,7,F?~vw,0.8451352119445801,108,[],[1. 1. 1. 1. 1. 0. 0.],5.136949160124757,"[1.0, 1.0, 1.0, 1.0, 0, 0, 0]",6.76637017433752
136,gaussian,COBYLA,recursive,False,False,3,7,F?~vw,2.0340936183929443,251,[],[0. 1. 0. 0. 0. 1. 1.],4.352929347396787,"[1.0, 1.0, 1.0, 1.0, 0, 0, 0]",6.76637017433752
137,gaussian,COBYLA,recursive,False,False,5,7,F?~vw,3.280539035797119,337,[],[1. 1. 1. 1. 0. 0. 0.],6.76637017433752,"[1.0, 1.0, 1.0, 1.0, 0, 0, 0]",6.76637017433752
138,gaussian,COBYLA,recursive,False,False,1,7,F?~vw,0.9089772701263428,109,[],[0. 1. 1. 0. 0. 1. 0.],4.456170758918014,"[1.0, 1.0, 1.0, 1.0, 0, 0, 0]",6.76637017433752
139,gaussian,COBYLA,recursive,False,False,3,7,F?~vw,1.9280552864074707,228,[],[0. 1. 1. 1. 0. 0. 0.],5.312089311049142,"[1.0, 1.0, 1.0, 1.0, 0, 0, 0]",6.76637017433752
140,gaussian,COBYLA,recursive,False,False,5,7,F?~vw,3.525700330734253,361,[],[1. 1. 1. 1. 1. 0. 0.],5.136949160124757,"[1.0, 1.0, 1.0, 1.0, 0, 0, 0]",6.76637017433752
141,gaussian,COBYLA,recursive,False,False,1,7,F?~vw,0.8797256946563721,110,[],[1. 0. 1. 1. 0. 0. 0.],4.4819942755149365,"[1.0, 1.0, 1.0, 1.0, 0, 0, 0]",6.76637017433752
142,gaussian,COBYLA,recursive,False,False,3,7,F?~vw,2.0969650745391846,248,[],[1. 1. 0. 1. 1. 0. 0.],4.293019876064114,"[1.0, 1.0, 1.0, 1.0, 0, 0, 0]",6.76637017433752
143,gaussian,COBYLA,recursive,False,False,5,7,F?~vw,3.2293293476104736,330,[],[1. 1. 0. 0. 1. 1. 0.],4.126349757870642,"[1.0, 1.0, 1.0, 1.0, 0, 0, 0]",6.76637017433752
144,gaussian,COBYLA,recursive,False,False,1,7,F?~vw,0.8662674427032471,116,[],[1. 1. 0. 0. 0. 0. 1.],4.44668952587591,"[1.0, 1.0, 1.0, 1.0, 0, 0, 0]",6.76637017433752
145,gaussian,COBYLA,recursive,False,False,3,7,F?~vw,1.971862554550171,246,[],[0. 1. 1. 1. 0. 0. 0.],5.312089311049142,"[1.0, 1.0, 1.0, 1.0, 0, 0, 0]",6.76637017433752
146,gaussian,COBYLA,recursive,False,False,5,7,F?~vw,3.7741944789886475,383,[],[1. 1. 0. 0. 1. 1. 0.],4.126349757870642,"[1.0, 1.0, 1.0, 1.0, 0, 0, 0]",6.76637017433752
147,gaussian,COBYLA,recursive,False,False,1,7,F?~vw,0.8814826011657715,113,[],[0. 1. 1. 1. 0. 0. 0.],5.312089311049142,"[1.0, 1.0, 1.0, 1.0, 0, 0, 0]",6.76637017433752
148,gaussian,COBYLA,recursive,False,False,3,7,F?~vw,2.03495192527771,252,[],[1. 1. 0. 1. 0. 0. 1.],5.442387316639132,"[1.0, 1.0, 1.0, 1.0, 0, 0, 0]",6.76637017433752
149,gaussian,COBYLA,recursive,False,False,5,7,F?~vw,3.5806772708892822,363,[],[1. 1. 0. 0. 0. 0. 1.],4.44668952587591,"[1.0, 1.0, 1.0, 1.0, 0, 0, 0]",6.76637017433752
150,gaussian,COBYLA,recursive,False,False,1,7,F?~vw,0.8755021095275879,110,[],[1. 1. 0. 0. 0. 0. 1.],4.44668952587591,"[1.0, 1.0, 1.0, 1.0, 0, 0, 0]",6.76637017433752
151,gaussian,COBYLA,recursive,False,False,3,7,F?~vw,2.0446176528930664,237,[],[1. 1. 1. 1. 1. 0. 0.],5.136949160124757,"[1.0, 1.0, 1.0, 1.0, 0, 0, 0]",6.76637017433752
152,gaussian,COBYLA,recursive,False,False,5,7,F?~vw,3.44691801071167,348,[],[1. 1. 0. 0. 0. 0. 1.],4.44668952587591,"[1.0, 1.0, 1.0, 1.0, 0, 0, 0]",6.76637017433752
153,gaussian,COBYLA,recursive,False,False,1,7,F?~vw,0.8452849388122559,109,[],[1. 1. 0. 1. 1. 0. 0.],4.293019876064114,"[1.0, 1.0, 1.0, 1.0, 0, 0, 0]",6.76637017433752
154,gaussian,COBYLA,recursive,False,False,3,7,F?~vw,1.903526782989502,230,[],[0. 1. 1. 0. 0. 1. 0.],4.456170758918014,"[1.0, 1.0, 1.0, 1.0, 0, 0, 0]",6.76637017433752
155,gaussian,COBYLA,recursive,False,False,5,7,F?~vw,3.326899528503418,342,[],[0. 0. 1. 1. 0. 0. 1.],4.126349757870642,"[1.0, 1.0, 1.0, 1.0, 0, 0, 0]",6.76637017433752
156,gaussian,COBYLA,recursive,False,False,1,7,F?~vw,0.8714675903320312,114,[],[0. 1. 0. 1. 0. 0. 1.],5.324545454483055,"[1.0, 1.0, 1.0, 1.0, 0, 0, 0]",6.76637017433752
157,gaussian,COBYLA,recursive,False,False,3,7,F?~vw,2.037175178527832,242,[],[1. 1. 1. 1. 1. 0. 0.],5.136949160124757,"[1.0, 1.0, 1.0, 1.0, 0, 0, 0]",6.76637017433752
158,gaussian,COBYLA,recursive,False,False,5,7,F?~vw,3.272639751434326,344,[],[0. 1. 0. 1. 0. 0. 1.],5.324545454483055,"[1.0, 1.0, 1.0, 1.0, 0, 0, 0]",6.76637017433752
159,gaussian,COBYLA,recursive,False,False,1,7,F?~vw,0.9599342346191406,120,[],[1. 1. 0. 0. 0. 0. 1.],4.44668952587591,"[1.0, 1.0, 1.0, 1.0, 0, 0, 0]",6.76637017433752
160,gaussian,COBYLA,recursive,False,False,3,7,F?~vw,1.9138975143432617,235,[],[1. 1. 0. 0. 1. 1. 0.],4.126349757870642,"[1.0, 1.0, 1.0, 1.0, 0, 0, 0]",6.76637017433752
161,gaussian,COBYLA,recursive,False,False,5,7,F?~vw,3.354689836502075,340,[],[1. 1. 0. 0. 1. 1. 0.],4.126349757870642,"[1.0, 1.0, 1.0, 1.0, 0, 0, 0]",6.76637017433752
162,gaussian,COBYLA,recursive,False,False,1,7,F?~vw,0.8628377914428711,111,[],[1. 1. 1. 1. 1. 0. 0.],5.136949160124757,"[1.0, 1.0, 1.0, 1.0, 0, 0, 0]",6.76637017433752
163,gaussian,COBYLA,recursive,False,False,3,7,F?~vw,1.9487628936767578,226,[],[1. 1. 0. 1. 0. 0. 1.],5.442387316639132,"[1.0, 1.0, 1.0, 1.0, 0, 0, 0]",6.76637017433752
164,gaussian,COBYLA,recursive,False,False,5,7,F?~vw,3.541285514831543,363,[],[1. 1. 1. 1. 0. 0. 0.],6.76637017433752,"[1.0, 1.0, 1.0, 1.0, 0, 0, 0]",6.76637017433752
165,gaussian,COBYLA,recursive,False,False,1,7,F?~vw,0.9223251342773438,117,[],[1. 1. 1. 1. 1. 0. 0.],5.136949160124757,"[1.0, 1.0, 1.0, 1.0, 0, 0, 0]",6.76637017433752
166,gaussian,COBYLA,recursive,False,False,3,7,F?~vw,2.035315752029419,246,[],[1. 1. 0. 0. 0. 0. 1.],4.44668952587591,"[1.0, 1.0, 1.0, 1.0, 0, 0, 0]",6.76637017433752
167,gaussian,COBYLA,recursive,False,False,5,7,F?~vw,3.84435772895813,383,[],[1. 0. 0. 1. 0. 0. 1.],4.7201909652443526,"[1.0, 1.0, 1.0, 1.0, 0, 0, 0]",6.76637017433752
168,gaussian,COBYLA,recursive,False,False,1,7,F?~vw,0.8718538284301758,109,[],[1. 1. 1. 0. 0. 1. 0.],5.2473570484294925,"[1.0, 1.0, 1.0, 1.0, 0, 0, 0]",6.76637017433752
169,gaussian,COBYLA,recursive,False,False,3,7,F?~vw,1.8987562656402588,230,[],[1. 1. 1. 0. 0. 1. 0.],5.2473570484294925,"[1.0, 1.0, 1.0, 1.0, 0, 0, 0]",6.76637017433752
170,gaussian,COBYLA,recursive,False,False,5,7,F?~vw,3.477717161178589,361,[],[0. 1. 1. 0. 0. 1. 0.],4.456170758918014,"[1.0, 1.0, 1.0, 1.0, 0, 0, 0]",6.76637017433752
171,gaussian,COBYLA,recursive,False,False,1,7,F?~vw,0.8778600692749023,119,[],[1. 1. 1. 0. 0. 1. 0.],5.2473570484294925,"[1.0, 1.0, 1.0, 1.0, 0, 0, 0]",6.76637017433752
172,gaussian,COBYLA,recursive,False,False,3,7,F?~vw,1.9133195877075195,235,[],[0. 1. 1. 0. 0. 1. 0.],4.456170758918014,"[1.0, 1.0, 1.0, 1.0, 0, 0, 0]",6.76637017433752
173,gaussian,COBYLA,recursive,False,False,5,7,F?~vw,3.349968910217285,345,[],[1. 0. 1. 0. 0. 1. 0.],4.469197313729659,"[1.0, 1.0, 1.0, 1.0, 0, 0, 0]",6.76637017433752
174,gaussian,COBYLA,recursive,False,False,1,7,F?~vw,0.862149715423584,110,[],[1. 0. 1. 1. 0. 0. 0.],4.4819942755149365,"[1.0, 1.0, 1.0, 1.0, 0, 0, 0]",6.76637017433752
175,gaussian,COBYLA,recursive,False,False,3,7,F?~vw,1.9355669021606445,226,[],[0. 1. 1. 0. 1. 1. 0.],4.7201909652443526,"[1.0, 1.0, 1.0, 1.0, 0, 0, 0]",6.76637017433752
176,gaussian,COBYLA,recursive,False,False,5,7,F?~vw,3.5096261501312256,349,[],[0. 1. 1. 1. 0. 0. 0.],5.312089311049142,"[1.0, 1.0, 1.0, 1.0, 0, 0, 0]",6.76637017433752
177,gaussian,COBYLA,recursive,False,False,1,7,F?~vw,0.8997867107391357,116,[],[0. 1. 1. 0. 0. 1. 0.],4.456170758918014,"[1.0, 1.0, 1.0, 1.0, 0, 0, 0]",6.76637017433752
178,gaussian,COBYLA,recursive,False,False,3,7,F?~vw,1.9011139869689941,231,[],[1. 1. 0. 1. 0. 0. 1.],5.442387316639132,"[1.0, 1.0, 1.0, 1.0, 0, 0, 0]",6.76637017433752
179,gaussian,COBYLA,recursive,False,False,5,7,F?~vw,3.6246230602264404,375,[],[1. 1. 0. 0. 0. 0. 1.],4.44668952587591,"[1.0, 1.0, 1.0, 1.0, 0, 0, 0]",6.76637017433752
180,gaussian,COBYLA,recursive,False,False,1,7,F?~vw,0.8981108665466309,107,[],[1. 1. 1. 0. 0. 1. 0.],5.2473570484294925,"[1.0, 1.0, 1.0, 1.0, 0, 0, 0]",6.76637017433752
181,gaussian,COBYLA,recursive,False,False,3,7,F?~vw,1.9934813976287842,242,[],[1. 1. 0. 0. 0. 0. 1.],4.44668952587591,"[1.0, 1.0, 1.0, 1.0, 0, 0, 0]",6.76637017433752
182,gaussian,COBYLA,recursive,False,False,5,7,F?~vw,3.437983274459839,347,[],[1. 1. 1. 1. 0. 0. 0.],6.76637017433752,"[1.0, 1.0, 1.0, 1.0, 0, 0, 0]",6.76637017433752
183,gaussian,COBYLA,recursive,False,False,1,7,F?~vw,0.8950450420379639,116,[],[0. 0. 0. 1. 0. 0. 1.],4.602349103088276,"[1.0, 1.0, 1.0, 1.0, 0, 0, 0]",6.76637017433752
184,gaussian,COBYLA,recursive,False,False,3,7,F?~vw,1.9548945426940918,230,[],[0. 1. 1. 0. 1. 1. 0.],4.7201909652443526,"[1.0, 1.0, 1.0, 1.0, 0, 0, 0]",6.76637017433752
185,gaussian,COBYLA,recursive,False,False,5,7,F?~vw,3.3201751708984375,345,[],[1. 0. 1. 0. 0. 1. 0.],4.469197313729659,"[1.0, 1.0, 1.0, 1.0, 0, 0, 0]",6.76637017433752
186,gaussian,COBYLA,recursive,False,False,1,7,F?~vw,0.8209381103515625,109,[],[1. 0. 0. 0. 0. 1. 1.],4.591696448503935,"[1.0, 1.0, 1.0, 1.0, 0, 0, 0]",6.76637017433752
187,gaussian,COBYLA,recursive,False,False,3,7,F?~vw,1.8785641193389893,229,[],[0. 1. 1. 1. 1. 0. 0.],4.591696448503935,"[1.0, 1.0, 1.0, 1.0, 0, 0, 0]",6.76637017433752
188,gaussian,COBYLA,recursive,False,False,5,7,F?~vw,3.3981144428253174,343,[],[1. 1. 0. 0. 1. 1. 0.],4.126349757870642,"[1.0, 1.0, 1.0, 1.0, 0, 0, 0]",6.76637017433752
189,gaussian,COBYLA,recursive,False,False,1,7,F?~vw,0.8555526733398438,112,[],[0. 1. 1. 0. 1. 1. 0.],4.7201909652443526,"[1.0, 1.0, 1.0, 1.0, 0, 0, 0]",6.76637017433752
190,gaussian,COBYLA,recursive,False,False,3,7,F?~vw,2.0565929412841797,241,[],[0. 1. 1. 1. 0. 0. 0.],5.312089311049142,"[1.0, 1.0, 1.0, 1.0, 0, 0, 0]",6.76637017433752
191,gaussian,COBYLA,recursive,False,False,5,7,F?~vw,3.7603986263275146,356,[],[1. 1. 1. 1. 0. 0. 0.],6.76637017433752,"[1.0, 1.0, 1.0, 1.0, 0, 0, 0]",6.76637017433752
192,gaussian,COBYLA,recursive,False,False,1,7,F?~vw,0.8803985118865967,114,[],[0. 1. 1. 0. 0. 1. 0.],4.456170758918014,"[1.0, 1.0, 1.0, 1.0, 0, 0, 0]",6.76637017433752
193,gaussian,COBYLA,recursive,False,False,3,7,F?~vw,2.0850601196289062,228,[],[0. 1. 1. 0. 0. 1. 0.],4.456170758918014,"[1.0, 1.0, 1.0, 1.0, 0, 0, 0]",6.76637017433752
194,gaussian,COBYLA,recursive,False,False,5,7,F?~vw,3.816577911376953,352,[],[1. 1. 0. 1. 0. 0. 1.],5.442387316639132,"[1.0, 1.0, 1.0, 1.0, 0, 0, 0]",6.76637017433752
195,gaussian,COBYLA,recursive,False,False,1,7,F?~vw,1.1255111694335938,109,[],[0. 0. 0. 1. 0. 0. 1.],4.602349103088276,"[1.0, 1.0, 1.0, 1.0, 0, 0, 0]",6.76637017433752
196,gaussian,COBYLA,recursive,False,False,3,7,F?~vw,2.410566568374634,246,[],[1. 1. 0. 1. 1. 0. 0.],4.293019876064114,"[1.0, 1.0, 1.0, 1.0, 0, 0, 0]",6.76637017433752
197,gaussian,COBYLA,recursive,False,False,5,7,F?~vw,3.924168348312378,358,[],[1. 1. 0. 1. 0. 0. 1.],5.442387316639132,"[1.0, 1.0, 1.0, 1.0, 0, 0, 0]",6.76637017433752
198,gaussian,COBYLA,recursive,False,False,1,7,F?~vw,1.1152710914611816,115,[],[1. 0. 0. 1. 0. 0. 1.],4.7201909652443526,"[1.0, 1.0, 1.0, 1.0, 0, 0, 0]",6.76637017433752
199,gaussian,COBYLA,recursive,False,False,3,7,F?~vw,2.2958223819732666,223,[],[1. 1. 0. 1. 1. 0. 0.],4.293019876064114,"[1.0, 1.0, 1.0, 1.0, 0, 0, 0]",6.76637017433752
200,gaussian,COBYLA,recursive,False,False,5,7,F?~vw,3.5859954357147217,364,[],[1. 1. 1. 1. 1. 0. 0.],5.136949160124757,"[1.0, 1.0, 1.0, 1.0, 0, 0, 0]",6.76637017433752
201,gaussian,COBYLA,recursive,False,False,1,7,F?~vw,0.8473949432373047,109,[],[0. 1. 0. 0. 0. 1. 1.],4.352929347396787,"[1.0, 1.0, 1.0, 1.0, 0, 0, 0]",6.76637017433752
202,gaussian,COBYLA,recursive,False,False,3,7,F?~vw,2.0191290378570557,232,[],[1. 1. 1. 1. 0. 0. 0.],6.76637017433752,"[1.0, 1.0, 1.0, 1.0, 0, 0, 0]",6.76637017433752
203,gaussian,COBYLA,recursive,False,False,5,7,F?~vw,3.516315221786499,356,[],[1. 1. 0. 0. 0. 0. 1.],4.44668952587591,"[1.0, 1.0, 1.0, 1.0, 0, 0, 0]",6.76637017433752
204,gaussian,COBYLA,recursive,False,False,1,7,F?~vw,1.09446382522583,113,[],[1. 1. 0. 1. 1. 0. 0.],4.293019876064114,"[1.0, 1.0, 1.0, 1.0, 0, 0, 0]",6.76637017433752
205,gaussian,COBYLA,recursive,False,False,3,7,F?~vw,2.05513596534729,254,[],[1. 1. 1. 1. 1. 0. 0.],5.136949160124757,"[1.0, 1.0, 1.0, 1.0, 0, 0, 0]",6.76637017433752
206,gaussian,COBYLA,recursive,False,False,5,7,F?~vw,3.409473180770874,341,[],[1. 1. 0. 1. 1. 0. 0.],4.293019876064114,"[1.0, 1.0, 1.0, 1.0, 0, 0, 0]",6.76637017433752
207,gaussian,COBYLA,recursive,False,False,1,7,F?~vw,0.9584829807281494,117,[],[1. 1. 1. 1. 1. 0. 0.],5.136949160124757,"[1.0, 1.0, 1.0, 1.0, 0, 0, 0]",6.76637017433752
208,gaussian,COBYLA,recursive,False,False,3,7,F?~vw,1.9258477687835693,231,[],[1. 1. 1. 0. 0. 1. 0.],5.2473570484294925,"[1.0, 1.0, 1.0, 1.0, 0, 0, 0]",6.76637017433752
209,gaussian,COBYLA,recursive,False,False,5,7,F?~vw,3.409628391265869,349,[],[1. 1. 1. 1. 1. 0. 0.],5.136949160124757,"[1.0, 1.0, 1.0, 1.0, 0, 0, 0]",6.76637017433752
210,gaussian,COBYLA,recursive,False,False,1,7,F?~vw,0.918433666229248,114,[],[0. 1. 1. 1. 0. 0. 0.],5.312089311049142,"[1.0, 1.0, 1.0, 1.0, 0, 0, 0]",6.76637017433752
211,gaussian,COBYLA,recursive,False,False,3,7,F?~vw,1.9012937545776367,234,[],[1. 1. 1. 1. 0. 0. 0.],6.76637017433752,"[1.0, 1.0, 1.0, 1.0, 0, 0, 0]",6.76637017433752
212,gaussian,COBYLA,recursive,False,False,5,7,F?~vw,3.458021879196167,360,[],[0. 1. 0. 0. 0. 1. 1.],4.352929347396787,"[1.0, 1.0, 1.0, 1.0, 0, 0, 0]",6.76637017433752
213,gaussian,COBYLA,recursive,False,False,1,7,F?~vw,0.9768056869506836,117,[],[0. 1. 1. 1. 1. 0. 0.],4.591696448503935,"[1.0, 1.0, 1.0, 1.0, 0, 0, 0]",6.76637017433752
214,gaussian,COBYLA,recursive,False,False,3,7,F?~vw,1.922358512878418,227,[],[0. 0. 1. 1. 0. 0. 1.],4.126349757870642,"[1.0, 1.0, 1.0, 1.0, 0, 0, 0]",6.76637017433752
215,gaussian,COBYLA,recursive,False,False,5,7,F?~vw,3.609097719192505,366,[],[1. 1. 0. 0. 1. 1. 0.],4.126349757870642,"[1.0, 1.0, 1.0, 1.0, 0, 0, 0]",6.76637017433752
216,gaussian,COBYLA,recursive,False,False,1,7,F?~vw,0.8578362464904785,113,[],[0. 1. 1. 1. 0. 0. 0.],5.312089311049142,"[1.0, 1.0, 1.0, 1.0, 0, 0, 0]",6.76637017433752
217,gaussian,COBYLA,recursive,False,False,3,7,F?~vw,1.9108214378356934,239,[],[0. 1. 1. 1. 0. 0. 0.],5.312089311049142,"[1.0, 1.0, 1.0, 1.0, 0, 0, 0]",6.76637017433752
218,gaussian,COBYLA,recursive,False,False,5,7,F?~vw,3.5098118782043457,355,[],[0. 0. 0. 1. 0. 0. 1.],4.602349103088276,"[1.0, 1.0, 1.0, 1.0, 0, 0, 0]",6.76637017433752
219,gaussian,COBYLA,recursive,False,False,1,7,F?~vw,0.8965351581573486,116,[],[1. 0. 1. 1. 0. 0. 0.],4.4819942755149365,"[1.0, 1.0, 1.0, 1.0, 0, 0, 0]",6.76637017433752
220,gaussian,COBYLA,recursive,False,False,3,7,F?~vw,1.8416907787322998,228,[],[0. 0. 1. 1. 0. 0. 1.],4.126349757870642,"[1.0, 1.0, 1.0, 1.0, 0, 0, 0]",6.76637017433752
221,gaussian,COBYLA,recursive,False,False,5,7,F?~vw,3.4352078437805176,351,[],[1. 1. 1. 1. 0. 0. 0.],6.76637017433752,"[1.0, 1.0, 1.0, 1.0, 0, 0, 0]",6.76637017433752
222,gaussian,COBYLA,recursive,False,False,1,7,F?~vw,0.9092564582824707,114,[],[1. 0. 1. 0. 0. 1. 0.],4.469197313729659,"[1.0, 1.0, 1.0, 1.0, 0, 0, 0]",6.76637017433752
223,gaussian,COBYLA,recursive,False,False,3,7,F?~vw,2.016281843185425,246,[],[1. 1. 0. 1. 1. 0. 0.],4.293019876064114,"[1.0, 1.0, 1.0, 1.0, 0, 0, 0]",6.76637017433752
224,gaussian,COBYLA,recursive,False,False,5,7,F?~vw,3.656630039215088,367,[],[1. 1. 0. 1. 0. 0. 1.],5.442387316639132,"[1.0, 1.0, 1.0, 1.0, 0, 0, 0]",6.76637017433752
225,gaussian,COBYLA,recursive,False,False,1,7,F?~vw,0.8909833431243896,112,[],[1. 1. 1. 1. 1. 0. 0.],5.136949160124757,"[1.0, 1.0, 1.0, 1.0, 0, 0, 0]",6.76637017433752
226,gaussian,COBYLA,recursive,False,False,3,7,F?~vw,1.9688878059387207,232,[],[0. 1. 0. 1. 0. 0. 1.],5.324545454483055,"[1.0, 1.0, 1.0, 1.0, 0, 0, 0]",6.76637017433752
227,gaussian,COBYLA,recursive,False,False,5,7,F?~vw,3.4984917640686035,368,[],[1. 0. 0. 1. 0. 0. 1.],4.7201909652443526,"[1.0, 1.0, 1.0, 1.0, 0, 0, 0]",6.76637017433752
228,gaussian,COBYLA,recursive,False,False,1,7,F?~vw,0.8939840793609619,119,[],[1. 0. 0. 0. 0. 1. 1.],4.591696448503935,"[1.0, 1.0, 1.0, 1.0, 0, 0, 0]",6.76637017433752
229,gaussian,COBYLA,recursive,False,False,3,7,F?~vw,1.8324894905090332,221,[],[1. 1. 1. 1. 0. 0. 0.],6.76637017433752,"[1.0, 1.0, 1.0, 1.0, 0, 0, 0]",6.76637017433752
230,gaussian,COBYLA,recursive,False,False,5,7,F?~vw,3.4028265476226807,354,[],[0. 1. 0. 1. 0. 0. 1.],5.324545454483055,"[1.0, 1.0, 1.0, 1.0, 0, 0, 0]",6.76637017433752
231,gaussian,COBYLA,recursive,False,False,1,7,F?~vw,0.926067590713501,117,[],[0. 1. 0. 1. 0. 0. 1.],5.324545454483055,"[1.0, 1.0, 1.0, 1.0, 0, 0, 0]",6.76637017433752
232,gaussian,COBYLA,recursive,False,False,3,7,F?~vw,2.025871515274048,240,[],[1. 1. 0. 1. 0. 0. 1.],5.442387316639132,"[1.0, 1.0, 1.0, 1.0, 0, 0, 0]",6.76637017433752
233,gaussian,COBYLA,recursive,False,False,5,7,F?~vw,3.5864999294281006,367,[],[0. 0. 1. 1. 0. 0. 1.],4.126349757870642,"[1.0, 1.0, 1.0, 1.0, 0, 0, 0]",6.76637017433752
234,gaussian,COBYLA,recursive,False,False,1,7,F?~vw,0.8510763645172119,110,[],[0. 1. 1. 1. 0. 0. 0.],5.312089311049142,"[1.0, 1.0, 1.0, 1.0, 0, 0, 0]",6.76637017433752
235,gaussian,COBYLA,recursive,False,False,3,7,F?~vw,1.9734294414520264,236,[],[1. 1. 0. 1. 0. 0. 1.],5.442387316639132,"[1.0, 1.0, 1.0, 1.0, 0, 0, 0]",6.76637017433752
236,gaussian,COBYLA,recursive,False,False,5,7,F?~vw,3.562656879425049,361,[],[1. 0. 0. 1. 0. 0. 1.],4.7201909652443526,"[1.0, 1.0, 1.0, 1.0, 0, 0, 0]",6.76637017433752
237,gaussian,COBYLA,recursive,False,False,1,7,F?~vw,0.9363605976104736,110,[],[1. 1. 0. 0. 0. 0. 1.],4.44668952587591,"[1.0, 1.0, 1.0, 1.0, 0, 0, 0]",6.76637017433752
238,gaussian,COBYLA,recursive,False,False,3,7,F?~vw,1.9446773529052734,236,[],[1. 1. 0. 1. 1. 0. 0.],4.293019876064114,"[1.0, 1.0, 1.0, 1.0, 0, 0, 0]",6.76637017433752
239,gaussian,COBYLA,recursive,False,False,5,7,F?~vw,3.4379003047943115,344,[],[0. 1. 1. 1. 0. 0. 0.],5.312089311049142,"[1.0, 1.0, 1.0, 1.0, 0, 0, 0]",6.76637017433752
240,gaussian,COBYLA,recursive,False,False,1,7,F?~vw,0.8738241195678711,115,[],[1. 1. 1. 0. 0. 1. 0.],5.2473570484294925,"[1.0, 1.0, 1.0, 1.0, 0, 0, 0]",6.76637017433752
241,gaussian,COBYLA,recursive,False,False,3,7,F?~vw,1.9637236595153809,234,[],[0. 1. 1. 1. 0. 0. 0.],5.312089311049142,"[1.0, 1.0, 1.0, 1.0, 0, 0, 0]",6.76637017433752
242,gaussian,COBYLA,recursive,False,False,5,7,F?~vw,3.3742547035217285,355,[],[1. 0. 1. 1. 0. 0. 0.],4.4819942755149365,"[1.0, 1.0, 1.0, 1.0, 0, 0, 0]",6.76637017433752
243,gaussian,COBYLA,recursive,False,False,1,7,F?~vw,0.9019975662231445,110,[],[1. 1. 0. 1. 0. 0. 1.],5.442387316639132,"[1.0, 1.0, 1.0, 1.0, 0, 0, 0]",6.76637017433752
244,gaussian,COBYLA,recursive,False,False,3,7,F?~vw,2.048523426055908,250,[],[0. 1. 1. 1. 0. 0. 0.],5.312089311049142,"[1.0, 1.0, 1.0, 1.0, 0, 0, 0]",6.76637017433752
245,gaussian,COBYLA,recursive,False,False,5,7,F?~vw,3.5491323471069336,354,[],[1. 1. 1. 0. 0. 1. 0.],5.2473570484294925,"[1.0, 1.0, 1.0, 1.0, 0, 0, 0]",6.76637017433752
246,gaussian,COBYLA,recursive,False,False,1,7,F?~vw,0.885155439376831,111,[],[1. 1. 0. 1. 0. 0. 1.],5.442387316639132,"[1.0, 1.0, 1.0, 1.0, 0, 0, 0]",6.76637017433752
247,gaussian,COBYLA,recursive,False,False,3,7,F?~vw,1.8679640293121338,237,[],[0. 1. 0. 1. 0. 0. 1.],5.324545454483055,"[1.0, 1.0, 1.0, 1.0, 0, 0, 0]",6.76637017433752
248,gaussian,COBYLA,recursive,False,False,5,7,F?~vw,3.282402276992798,337,[],[1. 0. 1. 0. 0. 1. 0.],4.469197313729659,"[1.0, 1.0, 1.0, 1.0, 0, 0, 0]",6.76637017433752
249,gaussian,COBYLA,recursive,False,False,1,7,F?~vw,0.8870854377746582,112,[],[1. 1. 0. 1. 1. 0. 0.],4.293019876064114,"[1.0, 1.0, 1.0, 1.0, 0, 0, 0]",6.76637017433752
250,gaussian,COBYLA,recursive,False,False,3,7,F?~vw,1.8469295501708984,226,[],[0. 1. 1. 0. 0. 1. 0.],4.456170758918014,"[1.0, 1.0, 1.0, 1.0, 0, 0, 0]",6.76637017433752
251,gaussian,COBYLA,recursive,False,False,5,7,F?~vw,3.4087889194488525,346,[],[0. 1. 1. 0. 1. 1. 0.],4.7201909652443526,"[1.0, 1.0, 1.0, 1.0, 0, 0, 0]",6.76637017433752
252,gaussian,COBYLA,recursive,False,False,1,7,F?~vw,0.8650064468383789,114,[],[0. 1. 0. 1. 0. 0. 1.],5.324545454483055,"[1.0, 1.0, 1.0, 1.0, 0, 0, 0]",6.76637017433752
253,gaussian,COBYLA,recursive,False,False,3,7,F?~vw,1.9690561294555664,248,[],[1. 1. 1. 1. 0. 0. 0.],6.76637017433752,"[1.0, 1.0, 1.0, 1.0, 0, 0, 0]",6.76637017433752
254,gaussian,COBYLA,recursive,False,False,5,7,F?~vw,3.439150094985962,356,[],[0. 0. 0. 1. 0. 0. 1.],4.602349103088276,"[1.0, 1.0, 1.0, 1.0, 0, 0, 0]",6.76637017433752
255,gaussian,COBYLA,recursive,False,False,1,7,F?~vw,0.8624801635742188,107,[],[0. 1. 0. 1. 0. 0. 1.],5.324545454483055,"[1.0, 1.0, 1.0, 1.0, 0, 0, 0]",6.76637017433752
256,gaussian,COBYLA,recursive,False,False,3,7,F?~vw,1.9427430629730225,227,[],[0. 1. 1. 0. 1. 1. 0.],4.7201909652443526,"[1.0, 1.0, 1.0, 1.0, 0, 0, 0]",6.76637017433752
257,gaussian,COBYLA,recursive,False,False,5,7,F?~vw,3.3338205814361572,330,[],[1. 1. 1. 1. 0. 0. 0.],6.76637017433752,"[1.0, 1.0, 1.0, 1.0, 0, 0, 0]",6.76637017433752
258,gaussian,COBYLA,recursive,False,False,1,7,F?~vw,0.9372189044952393,119,[],[1. 1. 0. 1. 1. 0. 0.],4.293019876064114,"[1.0, 1.0, 1.0, 1.0, 0, 0, 0]",6.76637017433752
259,gaussian,COBYLA,recursive,False,False,3,7,F?~vw,2.1471304893493652,227,[],[0. 1. 1. 0. 0. 1. 0.],4.456170758918014,"[1.0, 1.0, 1.0, 1.0, 0, 0, 0]",6.76637017433752
260,gaussian,COBYLA,recursive,False,False,5,7,F?~vw,3.386854648590088,349,[],[1. 0. 1. 1. 0. 0. 0.],4.4819942755149365,"[1.0, 1.0, 1.0, 1.0, 0, 0, 0]",6.76637017433752
261,gaussian,COBYLA,recursive,False,False,1,7,F?~vw,0.8649108409881592,108,[],[0. 0. 0. 1. 0. 0. 1.],4.602349103088276,"[1.0, 1.0, 1.0, 1.0, 0, 0, 0]",6.76637017433752
262,gaussian,COBYLA,recursive,False,False,3,7,F?~vw,1.9885406494140625,243,[],[1. 1. 1. 1. 1. 0. 0.],5.136949160124757,"[1.0, 1.0, 1.0, 1.0, 0, 0, 0]",6.76637017433752
263,gaussian,COBYLA,recursive,False,False,5,7,F?~vw,3.4190216064453125,346,[],[0. 0. 0. 1. 0. 0. 1.],4.602349103088276,"[1.0, 1.0, 1.0, 1.0, 0, 0, 0]",6.76637017433752
264,gaussian,COBYLA,recursive,False,False,1,7,F?~vw,0.8899452686309814,115,[],[0. 1. 1. 1. 0. 0. 0.],5.312089311049142,"[1.0, 1.0, 1.0, 1.0, 0, 0, 0]",6.76637017433752
265,gaussian,COBYLA,recursive,False,False,3,7,F?~vw,2.075392246246338,240,[],[1. 0. 1. 0. 0. 1. 0.],4.469197313729659,"[1.0, 1.0, 1.0, 1.0, 0, 0, 0]",6.76637017433752
266,gaussian,COBYLA,recursive,False,False,5,7,F?~vw,3.5539510250091553,361,[],[1. 1. 0. 1. 1. 0. 0.],4.293019876064114,"[1.0, 1.0, 1.0, 1.0, 0, 0, 0]",6.76637017433752
267,gaussian,COBYLA,recursive,False,False,1,7,F?~vw,0.943899393081665,115,[],[1. 1. 0. 1. 0. 0. 1.],5.442387316639132,"[1.0, 1.0, 1.0, 1.0, 0, 0, 0]",6.76637017433752
268,gaussian,COBYLA,recursive,False,False,3,7,F?~vw,2.284925937652588,243,[],[0. 0. 1. 1. 0. 0. 1.],4.126349757870642,"[1.0, 1.0, 1.0, 1.0, 0, 0, 0]",6.76637017433752
269,gaussian,COBYLA,recursive,False,False,5,7,F?~vw,3.666688919067383,371,[],[0. 1. 1. 1. 1. 0. 0.],4.591696448503935,"[1.0, 1.0, 1.0, 1.0, 0, 0, 0]",6.76637017433752
270,gaussian,COBYLA,recursive,False,False,1,7,F?~vw,0.9255979061126709,113,[],[0. 1. 1. 0. 0. 1. 0.],4.456170758918014,"[1.0, 1.0, 1.0, 1.0, 0, 0, 0]",6.76637017433752
271,gaussian,COBYLA,recursive,False,False,3,7,F?~vw,2.1303822994232178,253,[],[1. 1. 0. 0. 0. 0. 1.],4.44668952587591,"[1.0, 1.0, 1.0, 1.0, 0, 0, 0]",6.76637017433752
272,gaussian,COBYLA,recursive,False,False,5,7,F?~vw,3.553436517715454,351,[],[0. 0. 0. 1. 0. 0. 1.],4.602349103088276,"[1.0, 1.0, 1.0, 1.0, 0, 0, 0]",6.76637017433752
273,gaussian,COBYLA,recursive,False,False,1,7,F?~vw,0.875267505645752,108,[],[1. 1. 1. 1. 0. 0. 0.],6.76637017433752,"[1.0, 1.0, 1.0, 1.0, 0, 0, 0]",6.76637017433752
274,gaussian,COBYLA,recursive,False,False,3,7,F?~vw,1.915863275527954,236,[],[0. 1. 1. 1. 0. 0. 0.],5.312089311049142,"[1.0, 1.0, 1.0, 1.0, 0, 0, 0]",6.76637017433752
275,gaussian,COBYLA,recursive,False,False,5,7,F?~vw,3.5886452198028564,348,[],[1. 0. 1. 0. 0. 1. 0.],4.469197313729659,"[1.0, 1.0, 1.0, 1.0, 0, 0, 0]",6.76637017433752
276,gaussian,COBYLA,recursive,False,False,1,7,F?~vw,0.8759491443634033,106,[],[1. 1. 1. 1. 1. 0. 0.],5.136949160124757,"[1.0, 1.0, 1.0, 1.0, 0, 0, 0]",6.76637017433752
277,gaussian,COBYLA,recursive,False,False,3,7,F?~vw,2.1529059410095215,237,[],[1. 1. 0. 1. 1. 0. 0.],4.293019876064114,"[1.0, 1.0, 1.0, 1.0, 0, 0, 0]",6.76637017433752
278,gaussian,COBYLA,recursive,False,False,5,7,F?~vw,3.2934048175811768,337,[],[0. 1. 1. 1. 0. 0. 0.],5.312089311049142,"[1.0, 1.0, 1.0, 1.0, 0, 0, 0]",6.76637017433752
279,gaussian,COBYLA,recursive,False,False,1,7,F?~vw,0.9070184230804443,118,[],[1. 1. 1. 1. 0. 0. 0.],6.76637017433752,"[1.0, 1.0, 1.0, 1.0, 0, 0, 0]",6.76637017433752
280,gaussian,COBYLA,recursive,False,False,3,7,F?~vw,2.1414811611175537,223,[],[1. 1. 0. 0. 0. 0. 1.],4.44668952587591,"[1.0, 1.0, 1.0, 1.0, 0, 0, 0]",6.76637017433752
281,gaussian,COBYLA,recursive,False,False,5,7,F?~vw,3.649808406829834,352,[],[0. 1. 1. 1. 0. 0. 0.],5.312089311049142,"[1.0, 1.0, 1.0, 1.0, 0, 0, 0]",6.76637017433752
282,gaussian,COBYLA,recursive,False,False,1,7,F?~vw,0.8744246959686279,109,[],[1. 1. 0. 0. 0. 0. 1.],4.44668952587591,"[1.0, 1.0, 1.0, 1.0, 0, 0, 0]",6.76637017433752
283,gaussian,COBYLA,recursive,False,False,3,7,F?~vw,1.8702776432037354,223,[],[1. 0. 1. 0. 0. 1. 0.],4.469197313729659,"[1.0, 1.0, 1.0, 1.0, 0, 0, 0]",6.76637017433752
284,gaussian,COBYLA,recursive,False,False,5,7,F?~vw,3.5040500164031982,369,[],[0. 1. 0. 0. 0. 1. 1.],4.352929347396787,"[1.0, 1.0, 1.0, 1.0, 0, 0, 0]",6.76637017433752
285,gaussian,COBYLA,recursive,False,False,1,7,F?~vw,1.121980905532837,111,[],[1. 1. 0. 1. 0. 0. 1.],5.442387316639132,"[1.0, 1.0, 1.0, 1.0, 0, 0, 0]",6.76637017433752
286,gaussian,COBYLA,recursive,False,False,3,7,F?~vw,1.9032933712005615,231,[],[0. 1. 1. 1. 1. 0. 0.],4.591696448503935,"[1.0, 1.0, 1.0, 1.0, 0, 0, 0]",6.76637017433752
287,gaussian,COBYLA,recursive,False,False,5,7,F?~vw,3.5410032272338867,361,[],[1. 1. 0. 0. 1. 1. 0.],4.126349757870642,"[1.0, 1.0, 1.0, 1.0, 0, 0, 0]",6.76637017433752
288,gaussian,COBYLA,recursive,False,False,1,7,F?~vw,1.1578798294067383,113,[],[0. 1. 1. 0. 0. 1. 0.],4.456170758918014,"[1.0, 1.0, 1.0, 1.0, 0, 0, 0]",6.76637017433752
289,gaussian,COBYLA,recursive,False,False,3,7,F?~vw,1.8708789348602295,230,[],[1. 0. 1. 1. 0. 0. 0.],4.4819942755149365,"[1.0, 1.0, 1.0, 1.0, 0, 0, 0]",6.76637017433752
290,gaussian,COBYLA,recursive,False,False,5,7,F?~vw,3.305983781814575,352,[],[1. 0. 1. 0. 0. 1. 0.],4.469197313729659,"[1.0, 1.0, 1.0, 1.0, 0, 0, 0]",6.76637017433752
291,gaussian,COBYLA,recursive,False,False,1,7,F?~vw,0.9249293804168701,110,[],[0. 0. 1. 1. 0. 0. 1.],4.126349757870642,"[1.0, 1.0, 1.0, 1.0, 0, 0, 0]",6.76637017433752
292,gaussian,COBYLA,recursive,False,False,3,7,F?~vw,2.133861780166626,239,[],[0. 1. 1. 1. 0. 0. 0.],5.312089311049142,"[1.0, 1.0, 1.0, 1.0, 0, 0, 0]",6.76637017433752
293,gaussian,COBYLA,recursive,False,False,5,7,F?~vw,3.4690427780151367,354,[],[1. 0. 0. 0. 0. 1. 1.],4.591696448503935,"[1.0, 1.0, 1.0, 1.0, 0, 0, 0]",6.76637017433752
294,gaussian,COBYLA,recursive,False,False,1,7,F?~vw,0.8720216751098633,115,[],[1. 0. 1. 0. 0. 1. 0.],4.469197313729659,"[1.0, 1.0, 1.0, 1.0, 0, 0, 0]",6.76637017433752
295,gaussian,COBYLA,recursive,False,False,3,7,F?~vw,1.9079644680023193,232,[],[0. 1. 1. 0. 0. 1. 0.],4.456170758918014,"[1.0, 1.0, 1.0, 1.0, 0, 0, 0]",6.76637017433752
296,gaussian,COBYLA,recursive,False,False,5,7,F?~vw,3.380197048187256,343,[],[1. 1. 1. 1. 1. 0. 0.],5.136949160124757,"[1.0, 1.0, 1.0, 1.0, 0, 0, 0]",6.76637017433752
297,gaussian,COBYLA,recursive,False,False,1,7,F?~vw,0.9044744968414307,109,[],[1. 1. 0. 0. 1. 1. 0.],4.126349757870642,"[1.0, 1.0, 1.0, 1.0, 0, 0, 0]",6.76637017433752
298,gaussian,COBYLA,recursive,False,False,3,7,F?~vw,1.9918692111968994,230,[],[1. 1. 0. 1. 0. 0. 1.],5.442387316639132,"[1.0, 1.0, 1.0, 1.0, 0, 0, 0]",6.76637017433752
299,gaussian,COBYLA,recursive,False,False,5,7,F?~vw,3.628512144088745,353,[],[0. 1. 1. 0. 0. 1. 0.],4.456170758918014,"[1.0, 1.0, 1.0, 1.0, 0, 0, 0]",6.76637017433752
